Date,SPY,AOM,VT,AGG,BIL,^VIX,VDE,DBC,AQMIX,IWN
2022-01-21,0.19551761,0.077859014,0.18649776,0.038247433,0.0015687799,1.2692589,0.25515398,0.16189012,0.10242537,0.1616711
2022-01-24,0.20268829,0.070565574,0.1895883,0.038506445,0.0015709947,1.3429391,0.25223434,0.16005778,0.10888823,0.17242931
2022-01-25,0.2184751,0.06602671,0.19869637,0.03968616,0.0015744104,1.4557279,0.2450588,0.15401843,0.12051153,0.19775306
2022-01-26,0.23390324,0.08426633,0.20754643,0.040804084,0.0015762482,1.4661708,0.2395007,0.14719689,0.1272455,0.2201498
2022-01-27,0.24857175,0.07000717,0.2125415,0.04022441,0.0015808088,1.4535623,0.24160641,0.14246505,0.1283893,0.23668051
2022-01-28,0.25902465,0.06488381,0.21615982,0.040236205,0.0015837005,1.450046,0.24865939,0.13857986,0.1268095,0.24103278
2022-01-31,0.2646711,0.08251557,0.21512358,0.041301437,0.0015868732,1.4080788,0.2502071,0.13558017,0.12694107,0.23534247
2022-02-01,0.26526907,0.06883671,0.20662129,0.042159487,0.001591635,1.3913392,0.24642326,0.13349168,0.13180274,0.23023959
2022-02-02,0.2626418,0.063499846,0.2030847,0.041408326,0.0015942097,1.3960565,0.23768073,0.13084933,0.13870491,0.23470578
2022-02-03,0.25824964,0.080810174,0.20876895,0.04188532,0.001597846,1.3993876,0.23186436,0.12799072,0.14331952,0.23983906
2022-02-04,0.25253573,0.06948864,0.21632275,0.040167406,0.0016007774,1.370045,0.23251052,0.12606215,0.14319842,0.23896691
2022-02-07,0.24683161,0.06605186,0.22128078,0.039446816,0.001603066,1.3143837,0.23304157,0.12244469,0.13911544,0.22995079
2022-02-08,0.24260587,0.08572544,0.22022197,0.04046233,0.0016065396,1.2498655,0.23208356,0.11728681,0.13633315,0.21979445
2022-02-09,0.24178158,0.07110439,0.21540152,0.042640742,0.0016093939,1.2498214,0.2335614,0.11575625,0.13785529,0.21363775
2022-02-10,0.23910289,0.0653433,0.20825726,0.04354305,0.0016112163,1.2923335,0.23756982,0.119335786,0.14186023,0.20685704
2022-02-11,0.2317148,0.08234877,0.2025561,0.04519514,0.0016125493,1.3732264,0.23593016,0.12123872,0.14339215,0.20250532
2022-02-14,0.22111948,0.06904396,0.20511834,0.04877933,0.0016159391,1.437254,0.22999223,0.118680134,0.14105505,0.1991207
2022-02-15,0.21167907,0.06552169,0.21214901,0.051802743,0.0016189059,1.3739905,0.2242106,0.115718074,0.13944775,0.19172397
2022-02-16,0.20765233,0.08720673,0.21102543,0.05366899,0.0016205461,1.2593944,0.22768074,0.113884345,0.14235656,0.1820566
2022-02-17,0.20954353,0.07102621,0.20188756,0.051753763,0.0016158833,1.2298377,0.23166344,0.12074968,0.15043803,0.17842543
2022-02-18,0.21392103,0.06647042,0.19862908,0.05217296,0.0016114949,1.2928512,0.23598883,0.12672062,0.15913191,0.18311585
2022-02-22,0.21772414,0.08590855,0.20599037,0.050669856,0.0016058551,1.3641492,0.23781301,0.12770237,0.16359374,0.18576816
2022-02-23,0.22149995,0.06994302,0.21670413,0.05091631,0.0016001908,1.3715389,0.23254976,0.12662345,0.16188248,0.18329978
2022-02-24,0.22909215,0.06760249,0.22531559,0.050258387,0.0015979441,1.366623,0.22143604,0.12669218,0.15293764,0.18383761
2022-02-25,0.24040072,0.09084512,0.23217717,0.049355917,0.0015977666,1.3577237,0.21064338,0.12818472,0.14281778,0.1888358
2022-02-28,0.24906293,0.073065266,0.22905119,0.04967255,0.001596976,1.3236343,0.20502658,0.1319537,0.13634166,0.19458754
2022-03-01,0.2534798,0.070474684,0.21899064,0.050432734,0.0015978469,1.3430454,0.20314242,0.13956656,0.13457604,0.20289497
2022-03-02,0.25582498,0.09076031,0.22246362,0.052232854,0.0015945893,1.4149626,0.2050213,0.14875582,0.13587427,0.21156882
2022-03-03,0.2554462,0.07312623,0.23578694,0.055953126,0.0015899068,1.4129194,0.21034926,0.16650306,0.13889852,0.21099015
2022-03-04,0.25097004,0.07098344,0.24059878,0.058963176,0.0015872899,1.3669572,0.22238053,0.19399863,0.14375563,0.20267355
2022-03-07,0.24697283,0.09236461,0.23870791,0.06131777,0.0015837023,1.3319142,0.23408593,0.22122316,0.15467674,0.20401046
2022-03-08,0.24501035,0.073319204,0.2428958,0.06292089,0.0015832039,1.3345884,0.2428138,0.24401617,0.16865705,0.21137469
2022-03-09,0.24481034,0.071174905,0.2558742,0.060788937,0.0015850856,1.3212959,0.25109518,0.25855768,0.17946762,0.21723074
2022-03-10,0.24710071,0.095398575,0.26552778,0.062583104,0.0015880337,1.2841176,0.2586091,0.27147418,0.18650025,0.22045343
2022-03-11,0.2537423,0.076908,0.26994428,0.0637953,0.0015925269,1.2991004,0.26686165,0.294762,0.1916041,0.23126917
2022-03-14,0.2605817,0.07571529,0.28255904,0.063726015,0.0015989896,1.3465273,0.2694927,0.30851454,0.19712724,0.2403606
2022-03-15,0.26118717,0.09969121,0.2916831,0.064878836,0.0016036229,1.3042997,0.27815366,0.31213447,0.20104744,0.23338215
2022-03-16,0.25644627,0.07906512,0.28461215,0.06556371,0.0016057759,1.1878505,0.290689,0.31611994,0.2024038,0.2151594
2022-03-17,0.25043344,0.07791703,0.26968235,0.06314164,0.0016089036,1.1228789,0.29684502,0.31654853,0.2008959,0.20496051
2022-03-18,0.24598485,0.10051341,0.2628186,0.06411368,0.0016081233,1.0927778,0.2939963,0.3145403,0.19747126,0.20528056
2022-03-21,0.24137183,0.079185575,0.2617557,0.063762076,0.0016098594,1.0705518,0.28994474,0.3134723,0.19247045,0.20564084
2022-03-22,0.23600863,0.07882332,0.2584984,0.06555794,0.0016088821,1.0461537,0.28831017,0.3141496,0.18576117,0.20396368
2022-03-23,0.23086813,0.103220165,0.25408098,0.06683071,0.0016056683,1.0278113,0.28507468,0.3144752,0.1778069,0.19864106
2022-03-24,0.22710727,0.08109869,0.2538775,0.068243206,0.0016010388,1.0171407,0.28526342,0.31311664,0.17162511,0.19117004
2022-03-25,0.22404268,0.08104028,0.25207314,0.07083388,0.0015955637,1.0118363,0.2863172,0.31059584,0.16920874,0.18198113
2022-03-28,0.21989849,0.10456035,0.24312717,0.071816765,0.0015906785,1.0055665,0.291333,0.31015193,0.16960105,0.17510848
2022-03-29,0.2180987,0.07930585,0.23362911,0.07377832,0.0015890073,1.0144993,0.29436207,0.30954963,0.16959368,0.17669967
2022-03-30,0.21647486,0.075054884,0.23125874,0.07584187,0.0015881341,0.99848974,0.29883024,0.30898127,0.16727689,0.17903571
2022-03-31,0.21370862,0.09879981,0.23292701,0.07511443,0.0015920504,0.9725547,0.29767406,0.30868626,0.16420309,0.1782177
2022-04-01,0.21171115,0.07502226,0.23577145,0.07049276,0.0015946615,0.95102626,0.2979713,0.30767968,0.164142,0.17445697
2022-04-04,0.21264008,0.07369924,0.23447697,0.06497077,0.0015952479,0.93114424,0.2972167,0.3078824,0.16321714,0.16889536
2022-04-05,0.21608698,0.09868212,0.22736932,0.059141044,0.0015945103,0.91356885,0.28821477,0.30615795,0.15997733,0.16983233
2022-04-06,0.22086789,0.07389951,0.21973188,0.056061346,0.0015962527,0.9151533,0.27677047,0.3019376,0.15408018,0.17576642
2022-04-07,0.22460276,0.07009252,0.21838504,0.05727234,0.0015978556,0.9199703,0.266038,0.2975434,0.14595789,0.18065839
2022-04-08,0.22616422,0.09429293,0.22121662,0.059046775,0.0015987183,0.93823135,0.2548949,0.29106045,0.135304,0.18391015
2022-04-11,0.2262104,0.07297478,0.21962447,0.061331436,0.0015997973,0.9711955,0.24676676,0.27340454,0.12248398,0.19091778
2022-04-12,0.22495022,0.070186526,0.21291758,0.062004015,0.0016016855,1.0302222,0.24498333,0.25958788,0.11147922,0.19709857
2022-04-13,0.221395,0.092496425,0.20766336,0.06375839,0.0016019812,1.0932353,0.24819618,0.25349915,0.10408755,0.19751689
2022-04-14,0.21498278,0.07382051,0.20128429,0.063032284,0.0016006777,1.0514324,0.24584109,0.24755947,0.10096787,0.19033363
2022-04-18,0.20919724,0.0714958,0.19447078,0.061478212,0.0015994882,1.0363725,0.2428894,0.24244492,0.10002836,0.1826451
2022-04-19,0.20747863,0.09274902,0.19303904,0.060993414,0.0015975266,1.0325526,0.24400656,0.24051762,0.09813212,0.17899777
2022-04-20,0.20696323,0.07427787,0.1957323,0.06163489,0.0015915595,1.0169897,0.24249983,0.2366995,0.09648217,0.17190607
2022-04-21,0.20524037,0.07091183,0.19291438,0.06180162,0.001584892,0.99676996,0.24142614,0.23543617,0.09725411,0.16336033
2022-04-22,0.2037105,0.08974454,0.18845245,0.06199465,0.0015759132,0.99451196,0.23724583,0.23224616,0.09913589,0.16303985
2022-04-25,0.20383054,0.07172028,0.19453225,0.06398691,0.0015742806,1.0726019,0.23850808,0.22847347,0.101164795,0.17171048
2022-04-26,0.20683984,0.06933463,0.20930731,0.06357788,0.001576453,1.1936779,0.24433388,0.2280351,0.10271086,0.17885196
2022-04-27,0.21525706,0.090143315,0.22081195,0.06558501,0.0015788611,1.2847477,0.25507718,0.22884957,0.1031941,0.1908237
2022-04-28,0.23290305,0.07344661,0.23092464,0.06574202,0.0015827283,1.4997168,0.26141477,0.22678994,0.10162064,0.2127372
2022-04-29,0.25137168,0.0718698,0.23868299,0.06440534,0.0015839001,1.5954072,0.26206928,0.21634765,0.097710244,0.22951026
2022-05-02,0.26528615,0.09167014,0.24227548,0.06206234,0.0015833295,1.7244735,0.25937942,0.20943345,0.09452237,0.23890826
2022-05-03,0.2761976,0.07398736,0.25170088,0.05966759,0.0015841902,1.7948849,0.2606003,0.20491761,0.0940531,0.24257518
2022-05-04,0.2848766,0.07339921,0.26038602,0.058858115,0.001584797,1.7238903,0.262765,0.19983712,0.09518705,0.24185362
2022-05-05,0.2925994,0.09502754,0.25871748,0.061070174,0.0015854116,1.6185261,0.27048743,0.2016058,0.09692528,0.23989734
2022-05-06,0.29722226,0.07655502,0.25579938,0.06366233,0.0015888927,1.6156105,0.2848552,0.2100225,0.09724274,0.24009947
2022-05-09,0.30051202,0.07750881,0.26488668,0.064649194,0.0015955025,1.6051625,0.30353925,0.21776687,0.0953174,0.24770986
2022-05-10,0.30306172,0.10304912,0.28120908,0.06561013,0.001600229,1.5868224,0.3210423,0.22570354,0.09377007,0.25727522
2022-05-11,0.3100334,0.08370675,0.29763025,0.06694809,0.0016054028,1.604944,0.3511369,0.23980539,0.09594261,0.27670613
2022-05-12,0.3205648,0.08629269,0.3116586,0.064932406,0.0016079422,1.6639534,0.37646896,0.25100702,0.10137206,0.2992357
2022-05-13,0.33178142,0.109915055,0.32687348,0.06502123,0.0016089405,1.793329,0.39479327,0.25596398,0.106232,0.3247846
2022-05-16,0.3375791,0.08544967,0.33644232,0.06539675,0.0016069355,1.8547577,0.40041173,0.25629228,0.107314415,0.3339905
2022-05-17,0.33698955,0.08536655,0.33504105,0.06380815,0.0016049384,1.8000075,0.38547435,0.25116763,0.10444935,0.3316015
2022-05-18,0.33217233,0.10694959,0.33347556,0.06345051,0.0016062917,1.7166219,0.3671822,0.24509186,0.09954023,0.32253686
2022-05-19,0.32335085,0.08240138,0.33136576,0.063880764,0.0016070501,1.622422,0.36402833,0.24056827,0.09400697,0.3054621
2022-05-20,0.3149037,0.08411615,0.32550868,0.0624562,0.0016075737,1.4194776,0.3732199,0.23697075,0.08819101,0.28543904
2022-05-23,0.3104273,0.107822485,0.3123878,0.06294912,0.0016053588,1.2670141,0.37726793,0.23425205,0.082884565,0.2724526
2022-05-24,0.31352922,0.08287409,0.29992568,0.06184157,0.0016021715,1.2287158,0.37237296,0.23295084,0.07857804,0.27726334
2022-05-25,0.31802115,0.0810143,0.29485613,0.06262116,0.0015988406,1.2879759,0.35563335,0.23071639,0.07528919,0.28448063
2022-05-26,0.31913605,0.10340767,0.29610243,0.061842714,0.0015951049,1.3674265,0.3380866,0.2289995,0.07245446,0.2907897
2022-05-27,0.31275848,0.07953218,0.2887344,0.062078405,0.0015965493,1.3920038,0.32776698,0.2263368,0.0705234,0.2846734
2022-05-31,0.3005193,0.0779755,0.27494326,0.060169417,0.0016042006,1.3466285,0.32717457,0.22011447,0.068342745,0.27825856
2022-06-01,0.28569216,0.100214176,0.26438424,0.061947364,0.0016150535,1.2663685,0.32697594,0.21350992,0.065786414,0.2716512
2022-06-02,0.27242061,0.075260356,0.25731125,0.062035866,0.0016244381,1.1647934,0.32827893,0.2089179,0.06425405,0.26246247
2022-06-03,0.26137382,0.07327961,0.24800812,0.0625992,0.0016290721,1.068813,0.3247343,0.2066524,0.06612699,0.24901916
2022-06-06,0.2511551,0.097660296,0.23908804,0.06380985,0.0016297919,0.98856455,0.32219604,0.2055481,0.073889926,0.24056995
2022-06-07,0.2454391,0.07345658,0.24151842,0.060582273,0.0016284607,0.92023283,0.32010826,0.2060813,0.08499212,0.24119847
2022-06-08,0.24081829,0.06940227,0.24193126,0.057032235,0.0016240978,0.8706077,0.3175783,0.20696189,0.09503978,0.23597111
2022-06-09,0.23665865,0.088656425,0.2353786,0.05665693,0.0016208731,0.8421832,0.305956,0.20112447,0.100552194,0.22655144
2022-06-10,0.23247987,0.06628568,0.22618867,0.055555783,0.0016183538,0.842483,0.2830162,0.17949294,0.10132485,0.21697211
2022-06-13,0.23068497,0.06349949,0.22942431,0.05407528,0.0016168925,0.82471675,0.2583166,0.16445269,0.09964565,0.21335262
2022-06-14,0.2350232,0.089329876,0.2460324,0.0592116,0.0016172847,0.8295481,0.24559769,0.16278112,0.09820951,0.21899316
2022-06-15,0.2517481,0.07700366,0.27009702,0.06713606,0.0016180553,0.94153976,0.25712466,0.16725744,0.10015793,0.2412645
2022-06-16,0.27809712,0.08549978,0.28718382,0.07442377,0.0016204161,1.030642,0.27615365,0.17275314,0.10756218,0.27450216
2022-06-17,0.30534568,0.11418988,0.3034126,0.08140328,0.0016189836,1.1561527,0.296738,0.17467366,0.118373156,0.3128551
2022-06-21,0.32588065,0.09159939,0.3272705,0.08567708,0.0016163485,1.2416974,0.31656918,0.17546083,0.12932803,0.33898953
2022-06-22,0.33677775,0.095811665,0.34119016,0.08706116,0.0016163687,1.2105625,0.33418036,0.18479401,0.13647754,0.34369686
2022-06-23,0.34178802,0.11738889,0.34550244,0.08758684,0.0016170286,1.1761403,0.35080868,0.19708066,0.1383453,0.34556413
2022-06-24,0.3432815,0.092797495,0.3487523,0.08654048,0.0016201924,1.1469923,0.38532588,0.21123062,0.13486698,0.3461475
2022-06-27,0.3410973,0.09976529,0.34353828,0.08504695,0.0016294384,1.098294,0.42170054,0.22942126,0.1304509,0.33766747
2022-06-28,0.33446848,0.11848449,0.3310564,0.08202439,0.0016451909,1.0566236,0.4462908,0.24453987,0.12784512,0.321732
2022-06-29,0.3271354,0.09343369,0.3275312,0.081009254,0.0016600939,1.044548,0.46173516,0.25340018,0.12758408,0.31107256
2022-06-30,0.32201815,0.10174139,0.32717577,0.08054972,0.001671452,1.0421904,0.47185394,0.25477627,0.12689191,0.30171448
2022-07-01,0.31732273,0.12262337,0.32111236,0.0811935,0.0016788391,1.0481187,0.4804538,0.2526786,0.12552662,0.28917086
2022-07-05,0.3121836,0.095348105,0.30783355,0.080727376,0.0016866383,1.0658901,0.4879424,0.25192901,0.12461319,0.27740172
2022-07-06,0.30565804,0.104099065,0.29113933,0.080527954,0.0016967738,1.071808,0.49269298,0.25357503,0.12414546,0.27390063
2022-07-07,0.29549518,0.1243662,0.2796498,0.0799997,0.0017050756,1.0713707,0.5005142,0.2671713,0.12285805,0.27667028
2022-07-08,0.27855116,0.09269884,0.2678825,0.07882136,0.0017102995,1.0470119,0.5063915,0.28403294,0.11984875,0.2670511
2022-07-11,0.25673556,0.095811576,0.24987413,0.07860775,0.0017080706,0.98535246,0.50280285,0.30148575,0.11514984,0.24804008
2022-07-12,0.2348739,0.11695524,0.235064,0.07847381,0.0017008161,0.94155645,0.49182525,0.3146204,0.10988994,0.23787826
2022-07-13,0.21598324,0.08688949,0.22832046,0.07910077,0.0016897168,0.9000573,0.47770017,0.31953025,0.10590619,0.2288587
2022-07-14,0.20377164,0.08592607,0.21978948,0.08092499,0.0016798725,0.8318204,0.46348533,0.31865746,0.10468324,0.21767327
2022-07-15,0.20065488,0.10464881,0.20836698,0.079027966,0.0016692247,0.79576385,0.4475807,0.3145855,0.10474287,0.21444087
2022-07-18,0.20282742,0.07606969,0.20012599,0.072874896,0.0016588458,0.7574605,0.4300193,0.31078157,0.10436116,0.21086039
2022-07-19,0.2050642,0.06607188,0.1966065,0.06618416,0.0016489272,0.7657544,0.4086642,0.31015837,0.104467005,0.20783699
2022-07-20,0.2045179,0.08151834,0.1911276,0.061059777,0.001637202,0.7666721,0.3922341,0.31162757,0.10475364,0.2071376
2022-07-21,0.19742993,0.06304815,0.17895484,0.05660338,0.0016230217,0.73572105,0.38257346,0.31072572,0.10465089,0.19933328
2022-07-22,0.19009963,0.056687307,0.17509651,0.05820708,0.0016084614,0.7003707,0.37654716,0.3047897,0.10260188,0.19755429
2022-07-25,0.18430652,0.07365567,0.1762913,0.060286917,0.0015946259,0.6760661,0.37315983,0.2968397,0.09861262,0.1962124
2022-07-26,0.18129925,0.062347375,0.17692211,0.0629362,0.0015840107,0.65967196,0.36641422,0.28809315,0.093521096,0.18951662
2022-07-27,0.18009916,0.059296478,0.17693652,0.062115908,0.0015790954,0.65403783,0.35241666,0.28094408,0.08898703,0.18426684
2022-07-28,0.18044163,0.07928299,0.17554845,0.061478473,0.0015754885,0.6567384,0.34353608,0.2772214,0.087419726,0.1865544
2022-07-29,0.17999397,0.06467941,0.17406791,0.060259618,0.0015814744,0.666807,0.33643034,0.2767426,0.09021238,0.18812266
2022-08-01,0.18065675,0.060919315,0.17541459,0.06022827,0.001589906,0.6967796,0.3305536,0.27559194,0.096020155,0.19004378
2022-08-02,0.18209411,0.07981152,0.18049496,0.061330467,0.0015968821,0.73384947,0.3289567,0.2714859,0.103900395,0.18820052
2022-08-03,0.18400201,0.06456963,0.18547045,0.06282827,0.0016042106,0.76169014,0.33440593,0.26460475,0.112005025,0.18075854
2022-08-04,0.18584457,0.06380808,0.18756111,0.06502765,0.0016147897,0.7374819,0.33449903,0.25562143,0.118687764,0.17074731
2022-08-05,0.18722077,0.08586644,0.18316326,0.065723054,0.0016292179,0.7220772,0.32955432,0.2368174,0.12237559,0.15912843
2022-08-08,0.19142808,0.06719696,0.18246104,0.06668954,0.0016436966,0.73246735,0.32206643,0.2239655,0.124139436,0.15434381
2022-08-09,0.19554366,0.06542387,0.18278113,0.06646905,0.0016584016,0.75103587,0.31234473,0.21492319,0.12584789,0.15336344
2022-08-10,0.19725935,0.08336127,0.18221575,0.0704977,0.0016756878,0.7523838,0.31007826,0.20734191,0.12791267,0.15269761
2022-08-11,0.19584408,0.06783678,0.17783403,0.07177687,0.0016957944,0.73299634,0.30697218,0.199988,0.12913692,0.14945933
2022-08-12,0.19202538,0.065621376,0.17332555,0.069948435,0.0017144192,0.7301596,0.2988679,0.1848095,0.12797906,0.14796562
2022-08-15,0.1876564,0.08285319,0.16924067,0.07099926,0.0017328,0.74568576,0.29006982,0.17434204,0.12550834,0.14964636
2022-08-16,0.18268862,0.06912175,0.16463579,0.06952327,0.001748748,0.7457644,0.2910025,0.17514871,0.121391244,0.15067855
2022-08-17,0.17820123,0.06507057,0.15903428,0.069589406,0.0017598751,0.7321557,0.2973388,0.18246472,0.11643916,0.1530594
2022-08-18,0.17508739,0.08061648,0.16067635,0.067777134,0.0017650422,0.71352774,0.3053161,0.18806842,0.11002389,0.15413569
2022-08-19,0.17360921,0.0689498,0.16521053,0.069360144,0.001770691,0.7071594,0.30653983,0.19140074,0.10478106,0.15195563
2022-08-22,0.17289124,0.06648582,0.16840957,0.06949118,0.0017778149,0.7107325,0.30185595,0.19268186,0.10407199,0.15069851
2022-08-23,0.17505875,0.086152755,0.17201616,0.069915034,0.0017903424,0.7463817,0.29573748,0.1912133,0.107653655,0.15945277
2022-08-24,0.17966425,0.07293207,0.17812024,0.06834165,0.0018026652,0.79895926,0.2894258,0.1876323,0.11383445,0.17095721
2022-08-25,0.18602984,0.07179359,0.18147166,0.06947636,0.0018157675,0.80950695,0.2810053,0.18378831,0.12147854,0.18716048
2022-08-26,0.19319236,0.09275516,0.17866796,0.06907005,0.0018273096,0.8406505,0.27731916,0.1824365,0.12864003,0.20254566
2022-08-29,0.19730636,0.075455755,0.17578767,0.07025074,0.0018432986,0.97017854,0.2788573,0.18256934,0.13120851,0.20910576
2022-08-30,0.20115899,0.0738173,0.18771774,0.0694422,0.0018617449,1.0685766,0.2810149,0.18177363,0.12644738,0.2102524
2022-08-31,0.2073295,0.0980385,0.2027706,0.06647912,0.0018785398,1.0473492,0.2780446,0.18280236,0.11803581,0.20852788
2022-09-01,0.22275524,0.07944761,0.21336369,0.06602013,0.0018879859,1.0235515,0.2802003,0.191463,0.11087186,0.21655542
2022-09-02,0.24296705,0.07989069,0.22129557,0.06388169,0.001892513,1.038002,0.28151813,0.2056648,0.105337605,0.23048602
2022-09-06,0.26012674,0.10276204,0.22921665,0.061806537,0.0018942882,1.0462428,0.27957192,0.21826108,0.099905215,0.24417727
2022-09-07,0.2710163,0.08057417,0.23316875,0.062690005,0.0018935613,1.0454273,0.2674898,0.22645725,0.095572665,0.24907705
2022-09-08,0.27617854,0.07793632,0.23394658,0.062491417,0.001890765,1.0404444,0.2566175,0.23414002,0.093833275,0.2512445
2022-09-09,0.27686068,0.09837941,0.23352851,0.063723065,0.0018874664,1.043336,0.251078,0.24312232,0.09547478,0.25112185
2022-09-12,0.27416545,0.07725819,0.2320479,0.06514058,0.0018853978,1.0584391,0.2479497,0.24769163,0.099002354,0.24802221
2022-09-13,0.2677063,0.0775811,0.2228866,0.061850596,0.0018881639,1.0352837,0.24670267,0.24782965,0.10094154,0.23719855
2022-09-14,0.2591803,0.09915373,0.21643306,0.06145857,0.0018940947,1.027488,0.24940711,0.24544498,0.101417504,0.22762015
2022-09-15,0.25407675,0.078901395,0.22799817,0.058841888,0.0018991271,1.0120906,0.25490192,0.24177563,0.099243015,0.22388583
2022-09-16,0.2551947,0.08134421,0.24289247,0.058126807,0.0019002871,0.9908664,0.25689256,0.23543265,0.09837683,0.22464637
2022-09-19,0.26671296,0.105864674,0.25079012,0.058362596,0.0018981076,1.0082296,0.26840436,0.23293373,0.09988578,0.23607174
2022-09-20,0.27998918,0.082585916,0.2527353,0.057881102,0.001897965,1.053254,0.2834654,0.23396431,0.101660915,0.24760103
2022-09-21,0.28572825,0.08086974,0.2529413,0.05770576,0.0018947908,1.0652571,0.29275638,0.23434578,0.10123199,0.2550158
2022-09-22,0.2834923,0.10305002,0.25546977,0.056119896,0.0018878052,1.0428159,0.29421115,0.23277079,0.099100605,0.2550087
2022-09-23,0.2777921,0.07958691,0.259719,0.05719868,0.0018760295,0.9710329,0.29049438,0.2273313,0.09694439,0.24858183
2022-09-26,0.27406776,0.07969374,0.26382482,0.060401935,0.0018651071,0.9333193,0.283998,0.21982771,0.0953136,0.24273421
2022-09-27,0.27493873,0.10555165,0.2683898,0.06329731,0.0018603336,0.9156494,0.2915021,0.21773358,0.09468959,0.24323697
2022-09-28,0.27900147,0.08132522,0.2715108,0.06720381,0.0018635364,0.8816284,0.3061406,0.2215208,0.096258916,0.25123966
2022-09-29,0.28452346,0.08099336,0.2694083,0.070435226,0.0018685411,0.85709894,0.32306695,0.22851251,0.101242386,0.26211676
2022-09-30,0.28942147,0.10245838,0.27453533,0.07951895,0.0018794164,0.91778904,0.33840123,0.2385749,0.10763249,0.2770394
2022-10-03,0.29318583,0.078361094,0.29040357,0.086272076,0.001894424,0.9980934,0.34898993,0.24627036,0.113485746,0.28794107
2022-10-04,0.29705626,0.082851194,0.30210194,0.088743165,0.0019112924,1.0148423,0.35258055,0.24974917,0.11782302,0.28654045
2022-10-05,0.30037948,0.106674895,0.29999688,0.09106371,0.0019283696,1.0140324,0.35517445,0.24816976,0.12092902,0.2838876
2022-10-06,0.30305672,0.08376822,0.29822338,0.089390405,0.0019451403,0.9997498,0.365681,0.24687316,0.12213581,0.2890622
2022-10-07,0.3054322,0.0938365,0.306373,0.08573401,0.0019637942,0.984324,0.3818768,0.24686173,0.12227573,0.29903504
2022-10-10,0.30438015,0.1178069,0.31261683,0.0833232,0.0019789722,0.9465044,0.39678046,0.24439771,0.12258138,0.29689938
2022-10-11,0.29988885,0.09347288,0.3090171,0.08254407,0.0019864251,0.88944346,0.40736857,0.2411295,0.12465523,0.28938162
2022-10-12,0.29548505,0.10252537,0.30140018,0.08261326,0.001986078,0.8575725,0.41191128,0.2367037,0.12605731,0.28582326
2022-10-13,0.29371226,0.12272023,0.29515257,0.08438705,0.0019832228,0.86628574,0.4089173,0.23197898,0.12703992,0.28955302
2022-10-14,0.28993133,0.092227474,0.28448114,0.08466986,0.001976381,0.8648696,0.3973417,0.22685766,0.12556136,0.28269267
2022-10-17,0.28072178,0.09400219,0.2727623,0.08340117,0.001965779,0.8698262,0.37669274,0.22189681,0.12065225,0.27177054
2022-10-18,0.27029267,0.11470424,0.27143046,0.08298397,0.0019545248,0.8725125,0.35959527,0.21801852,0.113140225,0.26648268
2022-10-19,0.2598306,0.08859345,0.27296337,0.0824288,0.0019453577,0.84170824,0.34817412,0.21980143,0.106305964,0.26002714
2022-10-20,0.25348788,0.09565732,0.27050605,0.08184446,0.0019385895,0.7854057,0.3469786,0.22346054,0.10244381,0.2592707
2022-10-21,0.25146592,0.11895798,0.2627872,0.08216031,0.0019326528,0.7283857,0.35105723,0.22491755,0.10122122,0.26056454
2022-10-24,0.25014204,0.09219981,0.25237903,0.08361987,0.0019238783,0.68573445,0.3534769,0.22288181,0.103050895,0.26387414
2022-10-25,0.2465281,0.09523751,0.2442681,0.084736034,0.0019135382,0.6562895,0.34590888,0.21811646,0.10702939,0.26673156
2022-10-26,0.24412991,0.115800716,0.24228433,0.08489608,0.0019040876,0.63902104,0.3281318,0.20578171,0.111128695,0.27539533
2022-10-27,0.24341564,0.08993364,0.242413,0.08511144,0.0018932512,0.6390411,0.30988136,0.19309112,0.112607405,0.27962562
2022-10-28,0.2424163,0.0914234,0.24245979,0.08390418,0.0018836014,0.6648558,0.29992115,0.18679042,0.11228315,0.27679545
2022-10-31,0.23844689,0.11146271,0.23527673,0.07498402,0.001879836,0.67481816,0.29282555,0.18233094,0.11037827,0.26324403
2022-11-01,0.23263961,0.08498514,0.22235279,0.069996774,0.001885327,0.6626307,0.28149536,0.17919414,0.10848794,0.24701922
2022-11-02,0.2300359,0.08526943,0.21750073,0.066027656,0.0018942746,0.6481475,0.27063614,0.17721558,0.10634332,0.2383812
2022-11-03,0.2286242,0.1077369,0.21627654,0.062733695,0.0018999141,0.6241191,0.26277778,0.17436017,0.10319745,0.229397
2022-11-04,0.22899409,0.081476495,0.21391906,0.059770536,0.0018984688,0.5981775,0.25811228,0.16875227,0.097850904,0.21934474
2022-11-07,0.23162921,0.07993157,0.21026684,0.05982917,0.0018960414,0.5849208,0.24926275,0.16428903,0.09242593,0.21724184
2022-11-08,0.23760325,0.10124716,0.20837748,0.060852308,0.0018963497,0.57905495,0.24650984,0.16748832,0.08877594,0.22694977
2022-11-09,0.24332266,0.075391114,0.20719026,0.05994081,0.0019025322,0.58251023,0.24530068,0.17723112,0.08704945,0.2342808
2022-11-10,0.24444054,0.070951685,0.20714477,0.05917447,0.0019121197,0.5906002,0.24522208,0.18766867,0.08585415,0.23569044
2022-11-11,0.2408629,0.09463288,0.20703067,0.06156143,0.0019267396,0.5894535,0.25262955,0.19530977,0.08697274,0.22847606
2022-11-14,0.23637821,0.07774474,0.2134513,0.07107597,0.0019454793,0.60752136,0.26045832,0.19913821,0.0938757,0.22843839
2022-11-15,0.2396668,0.08820715,0.23251359,0.07629905,0.001966933,0.6429497,0.27028745,0.20124061,0.10733764,0.24672066
2022-11-16,0.24754556,0.11733139,0.25031227,0.07679232,0.001989641,0.6708945,0.27647993,0.20500527,0.12200091,0.25706065
2022-11-17,0.2528475,0.09352584,0.25519967,0.07950022,0.0020101902,0.6743011,0.2704279,0.20893417,0.1338654,0.25668752
2022-11-18,0.25343645,0.10142718,0.25231653,0.079175785,0.0020262508,0.6766307,0.26320294,0.21129775,0.13801152,0.2562771
2022-11-21,0.2513106,0.12497698,0.25011042,0.07899213,0.00203434,0.68340176,0.25769502,0.21411203,0.13414977,0.260484
2022-11-22,0.24668343,0.09458806,0.2485938,0.08003857,0.0020311354,0.6891724,0.2567374,0.21607725,0.12662931,0.26271763
2022-11-23,0.23862533,0.098558396,0.24125645,0.080759466,0.0020194508,0.69480056,0.25228795,0.21695742,0.119027704,0.2596495
2022-11-25,0.22819388,0.119854,0.23015407,0.08051475,0.0020050062,0.69405085,0.24095698,0.21772523,0.11283185,0.25426072
2022-11-28,0.21853773,0.09028544,0.22593243,0.080547005,0.0019916934,0.6922307,0.23737592,0.22016653,0.10684544,0.24678947
2022-11-29,0.21117073,0.09446931,0.22958621,0.07912314,0.0019799634,0.69309276,0.2421676,0.22135885,0.10224291,0.23324232
2022-11-30,0.20697781,0.11654935,0.22926497,0.078482375,0.0019681312,0.69003755,0.25148588,0.21937548,0.099443994,0.21520406
2022-12-01,0.20723125,0.089139245,0.221574,0.07911049,0.0019560077,0.6720853,0.2539035,0.21449926,0.097506024,0.20503913
2022-12-02,0.21077392,0.09462728,0.21410218,0.08004392,0.0019477169,0.680319,0.25233632,0.21190417,0.09482571,0.21052751
2022-12-05,0.21677838,0.11502828,0.216426,0.08098087,0.001941961,0.7056686,0.24997392,0.2121859,0.093139336,0.21918811
2022-12-06,0.220644,0.08831591,0.21948229,0.08138826,0.001936837,0.7412655,0.24725218,0.21371269,0.09336936,0.22119224
2022-12-07,0.22107509,0.09138297,0.2216155,0.08250574,0.0019300972,0.7871063,0.24897479,0.21555081,0.09518073,0.22078344
2022-12-08,0.22082822,0.114096075,0.22395411,0.08282174,0.0019222538,0.8046642,0.2573335,0.21151763,0.09818198,0.2218192
2022-12-09,0.22338541,0.08915257,0.22041205,0.08233168,0.0019175478,0.7868383,0.26558512,0.20810606,0.10048516,0.23187482
2022-12-12,0.22448547,0.09045623,0.21052265,0.0812346,0.0019154154,0.7785961,0.2703837,0.20832649,0.10108423,0.24231598
2022-12-13,0.22133593,0.11162766,0.20064695,0.08205055,0.001918404,0.8001299,0.2678663,0.20733798,0.0991038,0.24376827
2022-12-14,0.21150213,0.08347904,0.18444926,0.07762159,0.001924511,0.8081141,0.2573371,0.2040462,0.09257205,0.22562335
2022-12-15,0.19954751,0.072051995,0.17123428,0.07295909,0.0019366771,0.81833947,0.25443187,0.19777633,0.0855219,0.20753363
2022-12-16,0.19021423,0.08805429,0.17173609,0.07065804,0.0019476603,0.868472,0.25758275,0.19083266,0.08006747,0.19212808
2022-12-19,0.18703613,0.06798677,0.1801468,0.069094576,0.0019553546,0.9002144,0.26292524,0.18548732,0.07799601,0.18140538
2022-12-20,0.19161426,0.067185394,0.18692745,0.06778205,0.0019624326,0.8654719,0.26645872,0.18287456,0.08054301,0.17855765
2022-12-21,0.2048718,0.09011809,0.19142704,0.0676068,0.0019664855,0.8274479,0.26785934,0.18289594,0.08513847,0.1876731
2022-12-22,0.22220996,0.0719162,0.19727537,0.06961473,0.0019679016,0.8110897,0.26784772,0.18588005,0.09029747,0.20130695
2022-12-23,0.2350456,0.07070992,0.20136747,0.070349105,0.0019663123,0.8422691,0.26792642,0.18944395,0.09460469,0.21090566
2022-12-27,0.24026836,0.09323011,0.2060319,0.07018691,0.001965015,0.8879497,0.26647308,0.19122085,0.09660846,0.21147393
2022-12-28,0.23926067,0.07414865,0.20465815,0.07035596,0.0019676215,0.89031756,0.26274863,0.19117726,0.09642866,0.20433584
2022-12-29,0.23736964,0.07232212,0.20158796,0.072665736,0.0019720797,0.90039986,0.26702794,0.19102013,0.09478279,0.19742239
2022-12-30,0.2355341,0.09534749,0.19878244,0.072634354,0.0019783801,0.8914793,0.2751532,0.19342154,0.09425873,0.18772955
2023-01-03,0.2329833,0.075110905,0.19175069,0.07270376,0.0019880293,0.8738956,0.27258962,0.19166417,0.094565615,0.18262425
2023-01-04,0.2299437,0.07239365,0.1845707,0.07111605,0.0020030413,0.85455185,0.26706702,0.1838588,0.09383316,0.1869342
2023-01-05,0.22543669,0.09134592,0.18211034,0.069644555,0.002020349,0.8386039,0.26867747,0.1824532,0.091087565,0.1906791
2023-01-06,0.21855468,0.07101118,0.18199077,0.06983941,0.0020390279,0.80675876,0.2678097,0.18873009,0.08907897,0.1899221
2023-01-09,0.21071772,0.06858756,0.18145016,0.06797216,0.0020571402,0.7845438,0.265393,0.19182645,0.08790303,0.18367137
2023-01-10,0.20208105,0.089428574,0.17599887,0.07043043,0.0020778333,0.7887953,0.26197112,0.19174583,0.08805583,0.17851625
2023-01-11,0.19575514,0.07064913,0.17309082,0.068683505,0.0020953799,0.79852575,0.25458542,0.19108866,0.08779599,0.17883809
2023-01-12,0.18985678,0.07089966,0.17321973,0.06605058,0.0021031797,0.79026896,0.24517587,0.19158244,0.08743026,0.17892689
2023-01-13,0.18248354,0.0947928,0.17309818,0.06827673,0.0020995683,0.787222,0.23753159,0.19175896,0.088062435,0.17691773
2023-01-17,0.17474449,0.07326948,0.17421263,0.06956282,0.0020926532,0.7795396,0.23211932,0.1897713,0.089069024,0.17643738
2023-01-18,0.16743964,0.07394013,0.17517139,0.06866007,0.0020867786,0.7987929,0.2306154,0.18641953,0.090011254,0.17848144
2023-01-19,0.16116543,0.09988521,0.17545192,0.070277415,0.0020830082,0.79690444,0.23070943,0.18283895,0.09135476,0.17456686
2023-01-20,0.15713601,0.07317546,0.1714643,0.073162764,0.0020786007,0.7742699,0.22857144,0.18033029,0.09156241,0.16839106
2023-01-23,0.15590325,0.06964243,0.1633606,0.0727073,0.002079064,0.7624898,0.22193979,0.17769074,0.089959666,0.1648239
2023-01-24,0.15794475,0.09100042,0.15725037,0.07256562,0.0020846736,0.77554196,0.2208157,0.17731613,0.08758422,0.16818565
2023-01-25,0.16334419,0.066456415,0.15878662,0.07330152,0.0020961491,0.78552383,0.22198245,0.17930052,0.08634939,0.17600495
2023-01-26,0.16791132,0.06335676,0.16281511,0.07219805,0.0021064314,0.7858539,0.21530433,0.17784096,0.08726825,0.17867541
2023-01-27,0.16929826,0.08056454,0.16119881,0.07251436,0.0021105167,0.7619888,0.20595725,0.17100483,0.08893368,0.1716565
2023-01-30,0.16706885,0.06422616,0.15455821,0.07166797,0.0021094363,0.73001367,0.19645998,0.16289549,0.08886559,0.15946266
2023-01-31,0.16470681,0.060275417,0.15292946,0.06977028,0.0021091702,0.7100074,0.19507062,0.15906213,0.087282255,0.14776342
2023-02-01,0.16383596,0.078188,0.15467547,0.067583576,0.0021076638,0.7016197,0.1968789,0.16020924,0.08483627,0.13933194
2023-02-02,0.16261718,0.0666431,0.15021773,0.06666865,0.0021023974,0.6859438,0.20062034,0.16465828,0.08302119,0.13533248
2023-02-03,0.16354546,0.061332196,0.14534761,0.06570732,0.002095104,0.70733017,0.20846589,0.17260626,0.08272497,0.14138535
2023-02-06,0.16647719,0.07616127,0.15089771,0.064514026,0.0020873586,0.74726486,0.21153921,0.17914125,0.08301432,0.15266477
2023-02-07,0.16941491,0.06732144,0.16245022,0.066720985,0.002078711,0.767203,0.2085869,0.18612772,0.0840245,0.1633523
2023-02-08,0.17006712,0.06558869,0.16632839,0.069043495,0.0020674728,0.7892075,0.20751193,0.19434196,0.08569584,0.16297098
2023-02-09,0.1702724,0.08322086,0.15854259,0.06703334,0.0020563083,0.7925198,0.20712213,0.20135128,0.08985257,0.16280623
2023-02-10,0.17247617,0.06973932,0.15619129,0.06426584,0.0020472696,0.7944272,0.21108569,0.20645547,0.093552716,0.1700501
2023-02-13,0.17492096,0.06431218,0.16134876,0.0652933,0.0020401252,0.7732745,0.21472275,0.20847961,0.09457173,0.1787716
2023-02-14,0.17715481,0.081199475,0.16165034,0.06516556,0.002028575,0.7592996,0.21805236,0.2033645,0.092803225,0.18529938
2023-02-15,0.17927471,0.068852976,0.1567381,0.06423099,0.0020052537,0.73874754,0.22808449,0.19496281,0.08971003,0.19113597
2023-02-16,0.18075153,0.064204775,0.15768366,0.062732965,0.0019780847,0.7429377,0.23923202,0.18748625,0.086452894,0.19265336
2023-02-17,0.17851625,0.08297085,0.15898094,0.06084236,0.0019531439,0.76789355,0.24563242,0.18061064,0.08368693,0.18202488
2023-02-21,0.17353286,0.06960705,0.15309368,0.056875095,0.00193351,0.78291,0.24612466,0.17490928,0.08183719,0.16731822
2023-02-22,0.1691583,0.06797709,0.14840613,0.05551113,0.001920735,0.78525484,0.24935725,0.17061777,0.08067873,0.15780012
2023-02-23,0.17090593,0.08957707,0.15702629,0.06001819,0.0019131771,0.823901,0.25365514,0.16831891,0.07960187,0.16021636
2023-02-24,0.17669345,0.073915154,0.1682562,0.06337546,0.0019074581,0.8410932,0.2567452,0.1679141,0.07936887,0.16758415
2023-02-27,0.18506482,0.07323208,0.17113546,0.06549735,0.0019042167,0.9048427,0.25458944,0.16703539,0.08040359,0.18134649
2023-02-28,0.1937247,0.09560879,0.17324162,0.064138606,0.0019053858,0.9717728,0.2489899,0.16617571,0.082758725,0.19679853
2023-03-01,0.19854131,0.07561468,0.17597784,0.06590647,0.0019067941,0.99881667,0.2418271,0.16612881,0.08676971,0.20384644
2023-03-02,0.2008125,0.07368009,0.17900127,0.06671898,0.0019062909,0.9870828,0.23648302,0.16556981,0.09080428,0.19915146
2023-03-03,0.20150459,0.09512471,0.17493208,0.06537361,0.0019052357,0.95885795,0.2303273,0.16330418,0.0930472,0.18763733
2023-03-06,0.1998839,0.07417834,0.16516702,0.06507136,0.0019038586,0.8998302,0.22870693,0.15896568,0.092853166,0.17266452
2023-03-07,0.1951063,0.07063041,0.15533529,0.06419272,0.0019020659,0.83788556,0.23216549,0.15496072,0.09018999,0.15926497
2023-03-08,0.18973726,0.08996223,0.15643531,0.06124162,0.0018966073,0.8019008,0.23652798,0.15337773,0.08624293,0.15152124
2023-03-09,0.18553859,0.07073923,0.16319749,0.058061607,0.0018895235,0.7890561,0.24085498,0.15378158,0.084120065,0.14901347
2023-03-10,0.18304117,0.068046376,0.16883242,0.057355586,0.0018828369,0.8162895,0.24357796,0.1550826,0.08462282,0.1542644
2023-03-13,0.18465509,0.088077255,0.17590232,0.056036707,0.0018768217,0.9802108,0.24320757,0.15515216,0.08610607,0.16960996
2023-03-14,0.1904773,0.068615526,0.18337871,0.061899897,0.0018683864,1.0857127,0.24079785,0.15534046,0.08991648,0.19319138
2023-03-15,0.19889799,0.0656093,0.18569735,0.066734694,0.0018581882,1.1099912,0.23752439,0.15711857,0.09949383,0.22256252
2023-03-16,0.20572686,0.08418308,0.18366772,0.068328016,0.0018493399,1.1887125,0.23115464,0.16075206,0.11629796,0.25231996
2023-03-17,0.20868269,0.06669756,0.18686357,0.0712406,0.0018419176,1.2833718,0.23685044,0.1675776,0.1376458,0.2777871
2023-03-20,0.20516239,0.0633647,0.19009769,0.072412886,0.0018386686,1.3106803,0.24658573,0.17474873,0.15660268,0.28708568
2023-03-21,0.19889903,0.08279965,0.19363654,0.07229621,0.0018378426,1.3159045,0.26053348,0.17928723,0.16640541,0.2863014
2023-03-22,0.1923824,0.06561805,0.1908298,0.07467897,0.0018366654,1.2227563,0.2701971,0.18194829,0.16857208,0.27881163
2023-03-23,0.18918164,0.060080178,0.1882088,0.07457226,0.0018380531,1.2040232,0.2752446,0.18159334,0.16368741,0.28248465
2023-03-24,0.1889059,0.07702408,0.19343273,0.07717945,0.0018428208,1.1956034,0.28418875,0.17896757,0.15613556,0.28782636
2023-03-27,0.1891956,0.06201621,0.19641927,0.07702313,0.0018489762,1.172443,0.29479915,0.17342766,0.14748761,0.2889198
2023-03-28,0.19055936,0.05551553,0.1940775,0.07668467,0.0018569499,1.1491748,0.30216125,0.16743818,0.13984074,0.29177904
2023-03-29,0.1902273,0.07268051,0.18968289,0.07820086,0.0018700657,1.1960769,0.3063633,0.16332455,0.13313115,0.29771993
2023-03-30,0.18589203,0.059197187,0.1852933,0.07948762,0.0018845453,1.2160646,0.30821162,0.16352044,0.12752664,0.2958261
2023-03-31,0.17670344,0.05300262,0.17504618,0.080469124,0.001900445,1.2169499,0.30653596,0.16661306,0.12150833,0.27804777
2023-04-03,0.16709857,0.07025471,0.16723345,0.07907534,0.0019145386,1.1787473,0.3040384,0.1662687,0.11445677,0.256889
2023-04-04,0.15952493,0.05911542,0.16486397,0.0798566,0.0019303345,1.1060071,0.29997954,0.16367987,0.10772348,0.23921809
2023-04-05,0.15592448,0.054016314,0.16733551,0.07873985,0.0019443101,1.0414877,0.29863876,0.16106158,0.10222126,0.22975506
2023-04-06,0.1547662,0.070939936,0.16803662,0.0767875,0.0019555683,0.99778,0.30265018,0.15886277,0.097777866,0.21824555
2023-04-10,0.15579177,0.05817759,0.16548815,0.07422377,0.0019614496,0.9385956,0.3051443,0.15528749,0.09452843,0.210055
2023-04-11,0.15782799,0.050470687,0.15934938,0.07238106,0.0019647472,0.9179937,0.30713522,0.15263511,0.09079311,0.21585198
2023-04-12,0.15781172,0.06606912,0.15341848,0.07232426,0.0019644788,0.877807,0.30673608,0.15014932,0.08666158,0.22054954
2023-04-13,0.15464704,0.055695657,0.14648318,0.07168302,0.0019601085,0.82201976,0.3037563,0.14665847,0.0818942,0.21425828
2023-04-14,0.14871421,0.048595216,0.13673034,0.07011858,0.0019563576,0.8085819,0.29506987,0.14239344,0.075635575,0.20118266
2023-04-17,0.1408513,0.063883886,0.13012853,0.0674709,0.0019550677,0.7966913,0.27881455,0.13626906,0.06972155,0.18863344
2023-04-18,0.13533956,0.056091107,0.12699057,0.065846644,0.0019588477,0.7619418,0.2570115,0.12620683,0.064950235,0.17936422
2023-04-19,0.13206647,0.050469987,0.12207522,0.06394732,0.001963417,0.70673215,0.23586217,0.119055755,0.06237893,0.17339708
2023-04-20,0.12979881,0.06659918,0.114698626,0.06164404,0.0019695282,0.6513181,0.2221014,0.11635264,0.060896486,0.1684177
2023-04-21,0.1284965,0.05874536,0.11250287,0.059514493,0.0019777473,0.62465477,0.21549185,0.12060643,0.06045491,0.16636439
2023-04-24,0.12797458,0.051798284,0.11341298,0.05898249,0.0019885367,0.60800004,0.21095444,0.12743318,0.06067152,0.16571136
2023-04-25,0.12697475,0.067303665,0.113141865,0.056995716,0.0020066816,0.59868205,0.20272307,0.13171919,0.061358232,0.15635334
2023-04-26,0.12636034,0.059604354,0.11329049,0.055451944,0.002026878,0.6189105,0.19484614,0.13422842,0.06224228,0.14860578
2023-04-27,0.12721223,0.052919332,0.121533915,0.05683884,0.0020483402,0.6587351,0.19248322,0.13926174,0.06326228,0.14748102
2023-04-28,0.12840295,0.06856129,0.12620151,0.05205524,0.0020667198,0.683696,0.19430283,0.1439814,0.065093026,0.15101984
2023-05-01,0.13002317,0.0603988,0.122701414,0.051199276,0.0020798785,0.7134871,0.19627894,0.14520794,0.06780708,0.16014986
2023-05-02,0.1318738,0.052406527,0.12137958,0.05432983,0.002088731,0.7595376,0.19901986,0.14529139,0.070752874,0.1736782
2023-05-03,0.13333184,0.06744588,0.12822472,0.058696583,0.0020940031,0.7903552,0.2051102,0.14836277,0.07271156,0.18270913
2023-05-04,0.13383153,0.059482243,0.1372326,0.06370731,0.0020992176,0.7947495,0.21605214,0.1559577,0.07286894,0.18038669
2023-05-05,0.1354484,0.05281679,0.14362979,0.06691474,0.0021030554,0.7875272,0.22494967,0.16037472,0.07336153,0.1749416
2023-05-08,0.14062886,0.06863662,0.14346369,0.06303446,0.0021048908,0.80740535,0.23255433,0.16273132,0.07427151,0.17641953
2023-05-09,0.14642175,0.05786446,0.13927937,0.063957185,0.0020980227,0.8936454,0.23837489,0.16864242,0.07581871,0.183692
2023-05-10,0.15089957,0.050766744,0.1397638,0.062574655,0.0020826997,1.0344906,0.24399488,0.17575768,0.07775341,0.19484043
2023-05-11,0.15244351,0.06773981,0.14169157,0.061428614,0.0020643137,1.0426856,0.2451454,0.17971742,0.07983542,0.19802871
2023-05-12,0.15079878,0.05722298,0.14302842,0.06297875,0.0020467308,1.0295796,0.24496914,0.17802556,0.0813309,0.19552937
2023-05-15,0.14745232,0.050719436,0.14563115,0.06496212,0.0020337796,1.0188748,0.24536045,0.17455313,0.08152793,0.18682744
2023-05-16,0.14323305,0.06844636,0.14192547,0.06565787,0.0020258976,0.98601586,0.245335,0.17115775,0.08221256,0.17486595
2023-05-17,0.1384513,0.05741215,0.12898308,0.06615447,0.0020236664,0.9239828,0.24409935,0.1695125,0.08399433,0.16553615
2023-05-18,0.13361701,0.050386086,0.12434387,0.06521578,0.0020269402,0.88513315,0.24505173,0.17107217,0.086069316,0.16347001
2023-05-19,0.12960032,0.06744123,0.1271526,0.063431405,0.0020379254,0.86017066,0.24555945,0.17573756,0.088389754,0.16758269
2023-05-22,0.12854612,0.05700506,0.13342854,0.06444521,0.0020527549,0.90152514,0.25099874,0.17984532,0.09081167,0.1800084
2023-05-23,0.12959751,0.050753374,0.13873777,0.06531505,0.0020653522,0.99050254,0.25723442,0.18146876,0.09193157,0.1876443
2023-05-24,0.13020553,0.0682886,0.1368421,0.06700038,0.0020703345,1.010626,0.25599262,0.1779396,0.09103386,0.18745716
2023-05-25,0.13041916,0.058210187,0.136783,0.06705474,0.0020678218,0.990903,0.24651821,0.1708966,0.08802641,0.1870213
2023-05-26,0.13022289,0.053278584,0.13856146,0.06550986,0.0020633787,0.9635313,0.23632374,0.16378698,0.084850624,0.18384781
2023-05-30,0.13127567,0.07263663,0.14074314,0.06377224,0.0020610054,0.9276188,0.23042901,0.16125257,0.0852224,0.17768562
2023-05-31,0.13309637,0.06133338,0.13681528,0.063730426,0.002060067,0.9321425,0.22339423,0.16324529,0.090424344,0.17568125
2023-06-01,0.13414335,0.053982183,0.13799322,0.06384477,0.0020580995,0.9662177,0.21729249,0.17022906,0.09832036,0.1794211
2023-06-02,0.13338788,0.06962502,0.1405753,0.060845945,0.002049571,0.9484229,0.21454354,0.17874265,0.10564808,0.17970817
2023-06-05,0.13093296,0.058585018,0.13481845,0.055454634,0.002036604,0.92789316,0.20874828,0.1822232,0.108868726,0.17295356
2023-06-06,0.12894648,0.052658007,0.13148372,0.05216669,0.0020242627,0.9356745,0.2033825,0.1842346,0.10711322,0.17465682
2023-06-07,0.12959059,0.07008167,0.13794863,0.05072203,0.0020170868,0.89169,0.20265894,0.1870041,0.102457464,0.1890091
2023-06-08,0.13038495,0.059105147,0.14098044,0.05153218,0.0020146593,0.82150936,0.19937211,0.18374908,0.09696339,0.20167446
2023-06-09,0.13049155,0.05323275,0.1405625,0.051279478,0.0020158803,0.78945273,0.20022199,0.17504413,0.093326144,0.21425489
2023-06-12,0.13045827,0.07061146,0.14147344,0.05377698,0.0020201867,0.78805894,0.20753644,0.16705783,0.09038515,0.22815166
2023-06-13,0.13074489,0.059611082,0.14477932,0.052087776,0.0020285104,0.8183263,0.21382038,0.16124924,0.08820553,0.23754415
2023-06-14,0.12919913,0.05457711,0.14432849,0.04860415,0.0020329212,0.86253464,0.2148615,0.15821327,0.08594166,0.23584127
2023-06-15,0.1263158,0.07244822,0.13602358,0.048169393,0.0020295058,0.86182666,0.2112608,0.1573673,0.08324314,0.23345448
2023-06-16,0.12333722,0.060549166,0.12993607,0.046467267,0.0020214715,0.87431794,0.20691088,0.15858087,0.07960267,0.23394762
2023-06-20,0.12080616,0.054468542,0.1310874,0.050053913,0.0020103448,0.8728526,0.20031922,0.16267495,0.07539167,0.22870967
2023-06-21,0.120944485,0.07173388,0.13844815,0.05069971,0.0019969493,0.8304721,0.19451971,0.16757283,0.07183142,0.21758004
2023-06-22,0.124021105,0.060351107,0.14469211,0.05162337,0.0019814132,0.81180966,0.1897835,0.17208678,0.06904993,0.20582023
2023-06-23,0.12927103,0.05498512,0.1473087,0.05229414,0.0019703365,0.8085968,0.18552154,0.17569827,0.06771709,0.20071606
2023-06-26,0.13446595,0.07277359,0.14950386,0.051585194,0.0019624904,0.8133791,0.18747373,0.18302205,0.06787187,0.19449715
2023-06-27,0.13933438,0.0622542,0.15277474,0.05289415,0.0019589032,0.80548364,0.19144538,0.1907016,0.07139173,0.19062556
2023-06-28,0.14198233,0.055421792,0.15087315,0.052239764,0.001953518,0.8044021,0.19216976,0.19312783,0.07633291,0.19217671
2023-06-29,0.14231002,0.07078095,0.14596558,0.05021226,0.0019404393,0.807038,0.19367969,0.19323681,0.080169104,0.1981423
2023-06-30,0.14129055,0.06088883,0.14113365,0.052392777,0.0019262959,0.8285357,0.19405557,0.19076957,0.0819491,0.19993779
2023-07-03,0.13811496,0.05341123,0.13481544,0.05279676,0.0019127997,0.8429703,0.1905557,0.18288654,0.08325071,0.19588734
2023-07-05,0.13293152,0.06915365,0.12670222,0.051499046,0.001900397,0.8246887,0.18693836,0.17449573,0.08472101,0.19025666
2023-07-06,0.1285562,0.05966896,0.124509536,0.051806368,0.0018850968,0.78275436,0.1842544,0.1673383,0.08586898,0.18264411
2023-07-07,0.12667148,0.053469177,0.13008574,0.050795954,0.0018682755,0.7539594,0.18163903,0.16073036,0.08602741,0.17338003
2023-07-10,0.12649089,0.07248561,0.13946451,0.05415748,0.001850816,0.73475146,0.17922442,0.15677038,0.08649097,0.16562408
2023-07-11,0.12686522,0.06371288,0.14442864,0.055159148,0.0018383709,0.7325158,0.17708908,0.15570834,0.088869184,0.16408074
2023-07-12,0.12743266,0.057943612,0.1407337,0.05525906,0.0018296493,0.75706834,0.17991038,0.15636033,0.092753,0.17108606
2023-07-13,0.126092,0.07269056,0.13365194,0.053783327,0.0018221824,0.7701595,0.18456028,0.15724938,0.09717725,0.18062675
2023-07-14,0.121354446,0.061300546,0.12978539,0.05657882,0.0018153383,0.7985853,0.18981297,0.15690687,0.10203359,0.18041152
2023-07-17,0.11518942,0.054321293,0.13031732,0.058838483,0.0018086064,0.808514,0.19275965,0.1563297,0.10709063,0.1732906
2023-07-18,0.11185672,0.07113007,0.13400172,0.058808226,0.0018059512,0.7908232,0.1950473,0.1568865,0.11228996,0.16526942
2023-07-19,0.10956285,0.06024498,0.1383588,0.059069775,0.0018075261,0.7655846,0.19448394,0.1593912,0.11761848,0.1575298
2023-07-20,0.108022556,0.05498764,0.13801633,0.05708722,0.0018123044,0.7382261,0.194358,0.1564781,0.121927105,0.15787426
2023-07-21,0.10789688,0.07213598,0.13664837,0.055851374,0.0018161079,0.7129038,0.19378902,0.15075049,0.12409978,0.16395116
2023-07-24,0.10909671,0.0602069,0.13904259,0.058330495,0.0018195795,0.7028361,0.19085741,0.1482794,0.12338741,0.17040536
2023-07-25,0.11232779,0.054752756,0.142395,0.058851045,0.0018276401,0.71423346,0.18574293,0.1462762,0.12113586,0.16942264
2023-07-26,0.115714766,0.07246897,0.1405055,0.058276426,0.0018347983,0.7272179,0.180779,0.14294027,0.11793444,0.16241637
2023-07-27,0.11700713,0.060542658,0.13202445,0.05570293,0.0018400161,0.72029656,0.17866941,0.14198165,0.11383308,0.15433064
2023-07-28,0.115137964,0.053364694,0.12292089,0.05699733,0.0018445379,0.72657204,0.17584734,0.14387564,0.109029554,0.1496877
2023-07-31,0.111223266,0.071313865,0.11859162,0.05769392,0.0018481826,0.7306966,0.17386705,0.14127862,0.10455278,0.1467129
2023-08-01,0.10789514,0.062223986,0.114486605,0.05871515,0.0018532606,0.7086419,0.1707564,0.13652174,0.09979052,0.14582248
2023-08-02,0.10788506,0.057646517,0.119290225,0.059918266,0.0018577892,0.7247581,0.17126948,0.13440791,0.09425026,0.15131064
2023-08-03,0.11021663,0.076616265,0.13542575,0.058582354,0.0018599345,0.7555075,0.17625162,0.13708326,0.08984041,0.1551635
2023-08-04,0.11543042,0.06741162,0.1511444,0.061073285,0.0018635322,0.8366138,0.17866452,0.1432878,0.08927611,0.15396339
2023-08-07,0.12272071,0.06335339,0.15619548,0.062241293,0.0018680249,0.9067941,0.17347595,0.14643893,0.0909811,0.14974855
2023-08-08,0.13184889,0.079634175,0.15353972,0.063462965,0.0018719007,0.981593,0.1671538,0.14597544,0.09116405,0.14727797
2023-08-09,0.13856515,0.06795081,0.1497685,0.06496582,0.001876763,0.9824707,0.15749823,0.14557134,0.08968018,0.14489831
2023-08-10,0.14195444,0.06108184,0.15014014,0.06380977,0.0018831143,1.0265685,0.14784163,0.14398274,0.0876825,0.14074937
2023-08-11,0.14264198,0.0773828,0.15093651,0.06486408,0.0018919589,1.01447,0.14205155,0.13986215,0.085561775,0.13520646
2023-08-14,0.14266719,0.066766866,0.14948809,0.061502147,0.0019010617,0.98354256,0.139704,0.13635537,0.08193878,0.13048756
2023-08-15,0.14314073,0.060494486,0.14937946,0.059528198,0.0019104375,0.952798,0.13825326,0.13299543,0.07931478,0.12818971
2023-08-16,0.14306204,0.07773717,0.14918508,0.058201965,0.0019179684,0.9534971,0.13623853,0.1281447,0.07963102,0.1273189
2023-08-17,0.14379169,0.06614674,0.1514904,0.05778508,0.0019225661,0.94770706,0.13417882,0.124646515,0.08210661,0.12910756
2023-08-18,0.14620778,0.061574206,0.15627284,0.059166633,0.0019244881,0.94281703,0.1329613,0.122157276,0.0844151,0.13500336
2023-08-21,0.15277651,0.08076122,0.16496034,0.05962117,0.0019229185,0.9581146,0.13480195,0.12049556,0.08541377,0.14313225
2023-08-22,0.16165195,0.06715637,0.1693796,0.058872145,0.0019189891,0.99607605,0.13971433,0.119440794,0.08550785,0.14918314
2023-08-23,0.16896792,0.062370997,0.16697733,0.0582107,0.0019119486,1.0328526,0.14470164,0.11719502,0.08436166,0.15334843
2023-08-24,0.17148568,0.079325035,0.16083102,0.058785506,0.0019032396,1.046817,0.14362468,0.109303534,0.08346996,0.1530016
2023-08-25,0.16914915,0.066144265,0.15426922,0.06282228,0.0018956808,1.0386107,0.14068441,0.10055924,0.084485635,0.15093166
2023-08-28,0.16617627,0.061865196,0.1576485,0.062578596,0.001888891,1.0048089,0.13817467,0.09643547,0.087378435,0.14928533
2023-08-29,0.16369249,0.080098376,0.16002408,0.06115637,0.0018782847,0.94584346,0.13559987,0.094202965,0.092182405,0.14507571
2023-08-30,0.16233684,0.066927075,0.15259188,0.060617812,0.0018635788,0.8905248,0.1343533,0.093002245,0.09795845,0.1400433
2023-08-31,0.15918715,0.06170688,0.14519429,0.059235856,0.0018543022,0.8625916,0.13392118,0.09269437,0.101319134,0.1374247
2023-09-01,0.15455458,0.077889375,0.14683245,0.058832202,0.0018532714,0.8523805,0.13264029,0.09195282,0.10141126,0.13739195
2023-09-05,0.1488824,0.06462299,0.14987876,0.058406483,0.0018577954,0.82275647,0.13124105,0.08968459,0.099080116,0.13386573
2023-09-06,0.14337042,0.058644585,0.1496944,0.057446644,0.0018662261,0.8170344,0.12969972,0.08720928,0.0962999,0.12867886
2023-09-07,0.13879305,0.07715172,0.14864069,0.054295354,0.0018745947,0.8313744,0.1300392,0.085782334,0.09345785,0.12948467
2023-09-08,0.13475758,0.06385893,0.14735341,0.05431923,0.0018825735,0.81876785,0.13052547,0.086143486,0.09348438,0.13592422
2023-09-11,0.13131915,0.058271077,0.14387783,0.05291311,0.0018896001,0.7980044,0.1301849,0.08826547,0.095705055,0.14664291
2023-09-12,0.12886518,0.07607629,0.13676737,0.05233292,0.001900277,0.7931414,0.12901042,0.090284765,0.09898836,0.15529773
2023-09-13,0.12780023,0.06283197,0.13401575,0.05161766,0.0019136474,0.7976771,0.12953182,0.09075255,0.100181565,0.16321221
2023-09-14,0.1271146,0.05692322,0.13813806,0.050960116,0.0019238035,0.7914177,0.13011518,0.09039573,0.09900681,0.16126737
2023-09-15,0.1261436,0.075079605,0.13964494,0.049360294,0.001930075,0.7697917,0.13409841,0.089623995,0.09664582,0.15056582
2023-09-18,0.12524459,0.062399533,0.12999497,0.048667055,0.0019339258,0.7619126,0.13558571,0.087759934,0.09348369,0.1394191
2023-09-19,0.12621437,0.05532347,0.1282666,0.049084704,0.0019369998,0.76531726,0.13760866,0.08648813,0.08990177,0.13579743
2023-09-20,0.12866317,0.07180174,0.1332895,0.050092142,0.0019370975,0.7444247,0.13716768,0.086687,0.08703045,0.13525742
2023-09-21,0.13405238,0.06199616,0.13955557,0.05021177,0.001934425,0.7526936,0.1386681,0.086797185,0.08581318,0.1384945
2023-09-22,0.14152284,0.057339195,0.14733766,0.050816763,0.0019310577,0.8248916,0.14037383,0.08746338,0.08577724,0.14553252
2023-09-25,0.1506938,0.078111134,0.15972684,0.05211743,0.0019278962,1.004179,0.14146386,0.08842576,0.086120866,0.15361644
2023-09-26,0.16035965,0.06715764,0.16714922,0.04926034,0.0019278951,1.0089805,0.14099379,0.08848938,0.085927755,0.15915067
2023-09-27,0.17030798,0.061724912,0.16592252,0.050239395,0.0019294345,1.0446595,0.14142226,0.088178374,0.085930824,0.16356324
2023-09-28,0.17979673,0.07975923,0.16682173,0.050985094,0.0019327506,1.1049805,0.14323556,0.086873636,0.08546023,0.16770865
2023-09-29,0.18647848,0.06649123,0.16734962,0.052635957,0.0019357515,1.0792378,0.14329818,0.08422567,0.08501993,0.1670157
2023-10-02,0.19043607,0.060902536,0.16245483,0.049001254,0.0019350956,1.0679666,0.14789596,0.08213891,0.08510149,0.16450134
2023-10-03,0.19269855,0.076939896,0.1599187,0.048977096,0.0019311599,1.0596131,0.15599404,0.082677186,0.085156724,0.16070117
2023-10-04,0.1934176,0.064550266,0.16255124,0.050123397,0.0019202384,1.051063,0.16759531,0.084795296,0.08439121,0.15840088
2023-10-05,0.19298008,0.06043614,0.16809808,0.053754255,0.0019043923,1.0447556,0.17545265,0.086785525,0.084652826,0.1574823
2023-10-06,0.19270094,0.07887774,0.17040542,0.05855104,0.0018902471,1.0334036,0.18913665,0.0943328,0.08566067,0.15941176
2023-10-09,0.19467351,0.06684858,0.16752318,0.06082687,0.0018817378,1.0585858,0.20007733,0.11009721,0.08621244,0.16720454
2023-10-10,0.19496916,0.06264705,0.16508788,0.06087246,0.001879303,1.1093099,0.20793048,0.12324987,0.085587725,0.17341371
2023-10-11,0.19092903,0.07933445,0.16379417,0.06614685,0.0018810792,1.1224257,0.21323246,0.13519388,0.08481732,0.17028715
2023-10-12,0.18298307,0.067383945,0.15772551,0.06759124,0.0018865446,1.0861154,0.21857445,0.14524914,0.08372413,0.16169073
2023-10-13,0.17303313,0.06359225,0.15350075,0.067255266,0.0018930619,1.0788648,0.22008581,0.15077478,0.08178013,0.15435344
2023-10-16,0.16237469,0.08250972,0.1570881,0.069248065,0.0018977787,1.05952,0.21813433,0.15048578,0.07955912,0.14768353
2023-10-17,0.15215982,0.06869139,0.15615954,0.06853054,0.00190036,1.0154637,0.2161845,0.15052241,0.077703774,0.14219342
2023-10-18,0.1429996,0.0645191,0.14626275,0.070856966,0.0019019403,0.9849641,0.2184394,0.1533898,0.075836316,0.14490004
2023-10-19,0.13617131,0.081400394,0.14388648,0.07135752,0.0019029565,1.0783652,0.22146906,0.15746784,0.07370554,0.15846525
2023-10-20,0.13209316,0.06703022,0.1548611,0.07462172,0.0019043171,1.1417168,0.22397138,0.15819432,0.07193591,0.1764024
2023-10-23,0.13116853,0.06342405,0.16504464,0.074270286,0.0019044699,1.1900868,0.22604764,0.15765467,0.07133569,0.18425898
2023-10-24,0.13601124,0.08315894,0.16928557,0.07461202,0.0019003416,1.16738,0.22732113,0.15845008,0.07109198,0.19107279
2023-10-25,0.14491098,0.066726014,0.16720971,0.07423553,0.0018924155,1.1669059,0.22407636,0.15887478,0.07033116,0.20092449
2023-10-26,0.15452465,0.06190306,0.16510244,0.0724631,0.0018849245,1.1748797,0.21636118,0.15682736,0.06882651,0.20954095
2023-10-27,0.16337432,0.081488885,0.16852371,0.07248515,0.0018808068,1.1725096,0.21179254,0.15443657,0.067381255,0.20956865
2023-10-30,0.17265946,0.06709451,0.17591256,0.073318325,0.0018785041,1.1165996,0.2085094,0.15549053,0.066715606,0.2040421
2023-10-31,0.1845614,0.064774774,0.18081015,0.07401773,0.0018762465,1.0660901,0.20697348,0.15961957,0.067183696,0.19993845
2023-11-01,0.1964122,0.08379726,0.18160234,0.072135,0.0018756194,1.0435598,0.20384787,0.16470008,0.067797996,0.19274035
2023-11-02,0.20453037,0.06760138,0.17888425,0.07419639,0.001878337,1.065613,0.20252946,0.16883951,0.06791653,0.1844902
2023-11-03,0.20606746,0.06325538,0.17129096,0.07551248,0.0018824444,1.0692934,0.2010695,0.16874032,0.067478135,0.17767513
2023-11-06,0.20174727,0.0782569,0.16618101,0.07593533,0.0018866763,1.0824822,0.19663931,0.16219513,0.06766197,0.18002786
2023-11-07,0.1959133,0.06593013,0.17194125,0.07545459,0.0018864499,1.0778995,0.19598882,0.15662073,0.070422724,0.19044587
2023-11-08,0.1910926,0.06417676,0.18173921,0.075132646,0.0018786473,1.0534536,0.20112771,0.15513356,0.07615858,0.20243026
2023-11-09,0.18567106,0.08439928,0.18390112,0.07284466,0.0018646155,1.0143151,0.20867024,0.15727578,0.08243611,0.2076778
2023-11-10,0.178983,0.06748436,0.17777853,0.07301181,0.0018493544,0.9722805,0.21554555,0.16215481,0.08670758,0.21133253
2023-11-13,0.17202434,0.06527089,0.17070289,0.07290263,0.0018368918,0.91552013,0.22263902,0.1665758,0.08698355,0.21815416
2023-11-14,0.16449057,0.08528402,0.16674973,0.074721396,0.0018277795,0.87979484,0.22668286,0.16870981,0.085884765,0.22523147
2023-11-15,0.15933977,0.06702409,0.1657304,0.0758856,0.0018239754,0.87139475,0.2265016,0.16401741,0.087230824,0.23119003
2023-11-16,0.15576532,0.06611049,0.16371839,0.07725409,0.0018228418,0.86829925,0.22237034,0.15818913,0.092320494,0.23811863
2023-11-17,0.15497102,0.087903075,0.166227,0.07785283,0.0018230625,0.871291,0.21676518,0.1565405,0.099750385,0.24801464
2023-11-20,0.1552916,0.06800058,0.16794606,0.07652195,0.0018231769,0.8260053,0.21011372,0.15892091,0.106718674,0.24420197
2023-11-21,0.1566098,0.06580787,0.16258068,0.076527454,0.0018224634,0.7729074,0.20376885,0.16221765,0.11305292,0.23115942
2023-11-22,0.15856533,0.082657635,0.15655692,0.07467418,0.0018238919,0.7375138,0.20378733,0.16621695,0.1147094,0.22806768
2023-11-24,0.16175498,0.0657079,0.1570116,0.07593196,0.0018256461,0.7300957,0.20621918,0.17255056,0.1118473,0.23562425
2023-11-27,0.16434322,0.06275974,0.1586463,0.075178415,0.00182657,0.72599995,0.20736198,0.17760947,0.10608468,0.23936
2023-11-28,0.16493607,0.078108594,0.15518843,0.07486137,0.0018304163,0.72452676,0.20393224,0.17910178,0.099946514,0.23942973
2023-11-29,0.16224843,0.064926066,0.14973642,0.07458918,0.0018363904,0.7247901,0.19894047,0.1762762,0.09460478,0.23859249
2023-11-30,0.15640919,0.058423564,0.1436276,0.07363688,0.0018396637,0.7206597,0.19099633,0.17068581,0.090292215,0.23090567
2023-12-01,0.14874823,0.073467806,0.13597254,0.07145907,0.0018416111,0.70741475,0.18156826,0.16428608,0.08774269,0.21619426
2023-12-04,0.1391122,0.06360282,0.122515306,0.07194476,0.0018421985,0.6908213,0.17111951,0.16436385,0.08788187,0.20093007
2023-12-05,0.13025147,0.05753952,0.1169685,0.071889006,0.0018427303,0.67328936,0.16098592,0.1679134,0.0897191,0.19559295
2023-12-06,0.12393276,0.07452954,0.12286571,0.07119265,0.0018453348,0.65269667,0.15283892,0.17058387,0.09281664,0.19848762
2023-12-07,0.120841935,0.06489291,0.13071646,0.07035691,0.0018474327,0.6410823,0.14780325,0.1730753,0.09470018,0.19695044
2023-12-08,0.12111548,0.05863841,0.13068552,0.071412824,0.0018491785,0.63455063,0.14756233,0.17762819,0.09633752,0.1937093
2023-12-11,0.12200629,0.07372681,0.12443368,0.06989967,0.0018502058,0.6330314,0.15135093,0.18036723,0.09533707,0.19689229
2023-12-12,0.12138784,0.06302589,0.118545406,0.070847645,0.0018485717,0.633599,0.15719327,0.18249553,0.09336823,0.20156322
2023-12-13,0.11834617,0.05527785,0.11355322,0.06867287,0.0018419053,0.6283597,0.16190243,0.18612629,0.09181477,0.2014411
2023-12-14,0.11283602,0.07028141,0.10646704,0.06823028,0.0018351505,0.615557,0.16440621,0.18836388,0.0927092,0.19679974
2023-12-15,0.10911381,0.06063323,0.10366685,0.07039617,0.0018312072,0.61394554,0.1638377,0.18610644,0.09439762,0.19168936
2023-12-18,0.10696403,0.05375831,0.10491665,0.07101939,0.0018268904,0.60965014,0.1675954,0.18354313,0.09501519,0.19074014
2023-12-19,0.105930395,0.06993591,0.108102135,0.06849516,0.0018202884,0.611375,0.17651449,0.18379153,0.0957505,0.19196023
2023-12-20,0.10549958,0.059375487,0.1086571,0.06800486,0.0018149856,0.62035817,0.18161486,0.18118384,0.096136816,0.18613978
2023-12-21,0.10631657,0.053696487,0.11225607,0.06750577,0.001815224,0.6307717,0.18352176,0.17530645,0.09617746,0.18528366
2023-12-22,0.108833805,0.07149716,0.12617283,0.067251295,0.001817143,0.6546619,0.18600282,0.169454,0.09454059,0.1950841
2023-12-26,0.11344948,0.061220504,0.13792819,0.068112016,0.0018182249,0.6577913,0.18714473,0.1652693,0.0911681,0.20399769
2023-12-27,0.12150149,0.05520648,0.14233208,0.06876356,0.001825525,0.67207956,0.18750353,0.1624788,0.086693145,0.21203412
2023-12-28,0.12861508,0.07167967,0.14282571,0.068396926,0.0018374224,0.6875358,0.18555698,0.1605306,0.081540145,0.21761237
2023-12-29,0.13229229,0.06088113,0.14228871,0.06754963,0.0018504341,0.68623483,0.18244067,0.15891598,0.076027915,0.22023642
2024-01-02,0.13243432,0.05572633,0.14261259,0.06595625,0.001862574,0.6835474,0.17794883,0.15758902,0.07129155,0.21225466
2024-01-03,0.13171977,0.073354825,0.1425489,0.06515672,0.0018836241,0.6743963,0.17230068,0.15546891,0.067690365,0.1988109
2024-01-04,0.13273144,0.06386466,0.14646798,0.06554043,0.0019121644,0.6821352,0.16815838,0.15163049,0.065374315,0.19333927
2024-01-05,0.13570559,0.058629014,0.15223548,0.063603245,0.0019312021,0.6980789,0.16743141,0.14915267,0.06288853,0.19919766
2024-01-08,0.14014201,0.07618157,0.15441994,0.06347841,0.0019382951,0.7092921,0.1685975,0.15016161,0.061002012,0.20598209
2024-01-09,0.1445308,0.067139864,0.14950043,0.06196509,0.0019416589,0.7426203,0.16677159,0.15254062,0.059942555,0.21292277
2024-01-10,0.14575057,0.06035436,0.14405958,0.062266406,0.0019467247,0.7801161,0.1652913,0.15168925,0.059714545,0.21906249
2024-01-11,0.1434059,0.076014765,0.14437091,0.060473125,0.001950353,0.784412,0.16722003,0.15090229,0.059729055,0.22055674
2024-01-12,0.13845482,0.06671557,0.14315818,0.058134202,0.0019498102,0.75801706,0.16975863,0.15136734,0.060313314,0.21258388
2024-01-16,0.13253355,0.059964847,0.13793173,0.057813846,0.0019490925,0.7284468,0.17032711,0.15085642,0.060951322,0.2057758
2024-01-17,0.12715213,0.07642202,0.13964944,0.05670529,0.0019481393,0.71110797,0.17214641,0.14726818,0.061450392,0.20237719
2024-01-18,0.12352117,0.06748299,0.14574516,0.052440282,0.0019466763,0.7015438,0.17772926,0.14480108,0.061039425,0.19939166
2024-01-19,0.12188181,0.061430223,0.15064257,0.049365923,0.0019424355,0.7103229,0.18020138,0.14065489,0.060012855,0.19279392
2024-01-22,0.12124917,0.0785335,0.14809714,0.047591355,0.0019373167,0.74010986,0.18162502,0.13519289,0.059071127,0.19170034
2024-01-23,0.12093759,0.06684517,0.14542037,0.047233846,0.0019348805,0.80100447,0.18363214,0.12959652,0.058884334,0.19725393
2024-01-24,0.12025037,0.05932586,0.14485596,0.0494737,0.0019341959,0.84043074,0.18439421,0.12428581,0.05950071,0.20037617
2024-01-25,0.11834262,0.07568474,0.13985525,0.04896524,0.0019342421,0.8313621,0.1830664,0.119017996,0.061095532,0.1945559
2024-01-26,0.11549287,0.06342796,0.12817328,0.04803287,0.0019334453,0.81607205,0.18042666,0.11634501,0.06430882,0.18162999
2024-01-29,0.1127514,0.055935435,0.12114531,0.04958184,0.001930999,0.77640307,0.17988531,0.11788573,0.06850772,0.17079532
2024-01-30,0.11086965,0.07264669,0.12000288,0.04821229,0.0019305461,0.73949313,0.18418977,0.11920069,0.07265341,0.16593121
2024-01-31,0.109895,0.061032634,0.12133762,0.045482695,0.0019296828,0.72538245,0.18700197,0.12012311,0.07539017,0.16415268
2024-02-01,0.110720895,0.054064352,0.12481632,0.046204146,0.0019242581,0.7413069,0.18675007,0.12007044,0.077489264,0.1653545
2024-02-02,0.11445626,0.07118592,0.13489893,0.047687102,0.001913891,0.777603,0.18702888,0.12200695,0.07908076,0.1673295
2024-02-05,0.12128677,0.059462007,0.1392727,0.051562555,0.0019002889,0.79426193,0.18364994,0.12695847,0.07979625,0.17271182
2024-02-06,0.13024783,0.052987464,0.13994125,0.05467758,0.0018865695,0.8039286,0.18037567,0.13096549,0.08109883,0.18404439
2024-02-07,0.13880812,0.071366735,0.13767183,0.058200944,0.0018748896,0.79942393,0.17531092,0.13181058,0.08483371,0.19316377
2024-02-08,0.14350724,0.060225565,0.13289058,0.06132605,0.0018663936,0.78456646,0.16668415,0.13090533,0.09063308,0.19719893
2024-02-09,0.14427449,0.053048264,0.1304108,0.060404155,0.0018592534,0.7553839,0.1552115,0.12853898,0.09631894,0.1993272
2024-02-12,0.14429541,0.07085465,0.13090163,0.0601047,0.001851887,0.7219391,0.14459069,0.125333,0.100123025,0.19590099
2024-02-13,0.14409445,0.060400255,0.13213086,0.061319083,0.0018445125,0.7119369,0.13765226,0.122225344,0.10309587,0.18879363
2024-02-14,0.14381658,0.054342538,0.1361484,0.0591125,0.001834012,0.7433628,0.13455878,0.120198086,0.10615193,0.18498488
2024-02-15,0.14385667,0.07468339,0.1418403,0.059089784,0.0018251787,0.79696923,0.13674387,0.11913868,0.10749294,0.19144896
2024-02-16,0.14441828,0.06485216,0.14214933,0.05963988,0.0018190687,0.8452452,0.13872577,0.11865074,0.10622835,0.204765
2024-02-20,0.14654656,0.059246227,0.1434862,0.06036221,0.0018124788,0.91479063,0.14011535,0.117479555,0.10283678,0.23669247
2024-02-21,0.14831454,0.07693713,0.14857802,0.05941148,0.0018081424,0.9506758,0.14452162,0.11549262,0.09890599,0.26738176
2024-02-22,0.14843346,0.06571529,0.1497815,0.06291937,0.001797779,0.95195043,0.14944108,0.1144734,0.09503182,0.2815454
2024-02-23,0.14661668,0.05949731,0.1447403,0.06306412,0.0018011553,0.9256516,0.1496371,0.11304307,0.09063049,0.27803543
2024-02-26,0.14412943,0.0775839,0.14128624,0.06194681,0.0018135433,0.8955411,0.1538002,0.11003158,0.08664319,0.26935026
2024-02-27,0.1439608,0.06550413,0.14455594,0.063373104,0.0018273252,0.8797624,0.15781906,0.10923662,0.08488704,0.25902325
2024-02-28,0.1445545,0.059286762,0.14849165,0.0626285,0.0018445567,0.87587285,0.15584327,0.10989508,0.08666527,0.24264869
2024-02-29,0.14475584,0.07847521,0.14926781,0.0621076,0.0018554752,0.8552212,0.15140952,0.11071042,0.09129403,0.22206306
2024-03-01,0.14548142,0.065434374,0.1490833,0.062269934,0.0018638867,0.84773254,0.1463365,0.112720646,0.09519913,0.20795634
2024-03-04,0.14500128,0.05928114,0.1480383,0.06084361,0.0018720203,0.8419847,0.14195731,0.11413092,0.0957187,0.19993713
2024-03-05,0.14165963,0.07830614,0.14541444,0.05876751,0.0018768535,0.84373367,0.13700378,0.11162347,0.09362991,0.18807985
2024-03-06,0.1377731,0.064252175,0.14258295,0.055779226,0.0018786525,0.84607404,0.13362618,0.105773985,0.09125417,0.17985806
2024-03-07,0.13449411,0.057047166,0.13877344,0.052865826,0.0018768176,0.8576781,0.12982073,0.100284174,0.08859786,0.1775298
2024-03-08,0.13182361,0.074221835,0.13821897,0.050399344,0.0018732076,0.8376493,0.1282178,0.0974055,0.086326286,0.1751949
2024-03-11,0.13123016,0.061069366,0.14112456,0.046933312,0.0018676262,0.82373023,0.1284692,0.09614956,0.08421229,0.17211848
2024-03-12,0.13264479,0.05456465,0.14599185,0.047403965,0.0018605042,0.83515894,0.12966903,0.0963727,0.082977824,0.17052558
2024-03-13,0.13424157,0.07264582,0.14851739,0.046798397,0.0018542968,0.84222806,0.12935874,0.09693073,0.08238729,0.16774413
2024-03-14,0.13513668,0.060879763,0.14804609,0.047848754,0.0018418417,0.83928066,0.128856,0.09761328,0.08279327,0.15926549
2024-03-15,0.1366578,0.0541857,0.14970015,0.047933258,0.0018320755,0.8300514,0.12668428,0.09990156,0.08484629,0.14947149
2024-03-18,0.1383428,0.07169801,0.15220216,0.0457724,0.0018230341,0.7833146,0.12509407,0.10137299,0.08781957,0.13700712
2024-03-19,0.13892426,0.060671408,0.15123792,0.043542743,0.0018094094,0.7371573,0.1248095,0.10241228,0.09095217,0.12893914
2024-03-20,0.13785794,0.051175606,0.14394097,0.04271995,0.0017986684,0.7241461,0.1232066,0.10472792,0.09268469,0.12463858
2024-03-21,0.13673387,0.065181196,0.13411869,0.0416502,0.0017970905,0.73113817,0.121015586,0.10707623,0.093029834,0.12281496
2024-03-22,0.13438076,0.05615232,0.13148892,0.042057663,0.0017964406,0.73650056,0.1192326,0.10853264,0.092627704,0.124254264
2024-03-25,0.13136403,0.04865325,0.1356697,0.041012373,0.0017901858,0.7375322,0.1173833,0.109108895,0.09140456,0.12794991
2024-03-26,0.12862764,0.06411813,0.13650168,0.04150139,0.0017783213,0.7249165,0.11486309,0.107935145,0.08893879,0.13090429
2024-03-27,0.12648451,0.056308087,0.13412721,0.04052937,0.0017640032,0.7063832,0.11227031,0.10322871,0.08628096,0.1331499
2024-03-28,0.124418035,0.048987538,0.13389026,0.03992963,0.0017490572,0.6871102,0.11035859,0.100088194,0.08379479,0.13797177
2024-04-01,0.122506104,0.06466369,0.13041314,0.04128786,0.001734201,0.6667829,0.108992785,0.0998877,0.08181862,0.14566329
2024-04-02,0.121705025,0.0569727,0.1266987,0.04263394,0.0017250741,0.6629081,0.1091824,0.099301435,0.080204755,0.15749595
2024-04-03,0.121237256,0.050089326,0.12976977,0.045925863,0.0017203323,0.6747109,0.11071496,0.10004565,0.07913714,0.16637693
2024-04-04,0.12120832,0.06792965,0.13607106,0.04643884,0.0017308836,0.68073654,0.11209912,0.103462055,0.07874199,0.16613841
2024-04-05,0.121497415,0.05958651,0.13703038,0.044556435,0.0017483162,0.7067059,0.112881094,0.10749194,0.07833651,0.16728725
2024-04-08,0.12347684,0.05210615,0.13750754,0.04200959,0.0017658992,0.8026746,0.11321735,0.11114936,0.077640355,0.1735196
2024-04-09,0.12516962,0.06826403,0.13326876,0.042281397,0.0017778336,0.845254,0.11355593,0.11379974,0.07669993,0.17536037
2024-04-10,0.12785546,0.058716886,0.12776336,0.041621964,0.0017905353,0.8760374,0.1146732,0.11517317,0.07596289,0.17449033
2024-04-11,0.13040175,0.05047133,0.12920624,0.04454336,0.0017922655,0.91355115,0.115511276,0.11560011,0.07532019,0.17382987
2024-04-12,0.13286261,0.07057356,0.13994358,0.050320275,0.0017946871,0.9264215,0.115556456,0.112996,0.07642952,0.17478243
2024-04-15,0.13457842,0.063254766,0.14877109,0.054673754,0.0017995376,0.9248443,0.1151528,0.10871006,0.0807303,0.17659955
2024-04-16,0.13912486,0.05977672,0.1587989,0.05701179,0.0017966813,1.0040647,0.11448358,0.10425225,0.087750226,0.1885073
2024-04-17,0.14666496,0.08119176,0.16999051,0.05554454,0.0017936797,1.0530378,0.11398178,0.09967927,0.093559906,0.20416744
2024-04-18,0.15708841,0.068929344,0.1772875,0.0579229,0.0017886178,1.0622909,0.11416115,0.09753607,0.09647236,0.22122608
2024-04-19,0.16954349,0.06424942,0.1826298,0.059705406,0.0017797651,1.1186671,0.11538906,0.09872712,0.09657303,0.23043391
2024-04-22,0.1811062,0.08347643,0.1844956,0.058239125,0.0017621423,1.172989,0.116533704,0.102362156,0.09497108,0.23139323
2024-04-23,0.18940894,0.06909287,0.18397814,0.057868157,0.0017462627,1.1697838,0.115614004,0.10332251,0.09240675,0.22550738
2024-04-24,0.19268252,0.06357424,0.17682745,0.058654953,0.0017161971,1.1576993,0.11438196,0.10305669,0.089601696,0.21430245
2024-04-25,0.19352074,0.08026596,0.16970816,0.056419414,0.0017000464,1.1453439,0.113970704,0.10215783,0.08707042,0.20031089
2024-04-26,0.19325493,0.06776952,0.16931267,0.05682816,0.0016979716,1.1061045,0.11348887,0.09954412,0.08466127,0.1905287
2024-04-29,0.19150408,0.06242793,0.17270641,0.057082247,0.0016950673,1.0476761,0.113536656,0.095338225,0.081878446,0.1819006
2024-04-30,0.18747213,0.08024144,0.1688468,0.05640381,0.0016921555,0.981933,0.11427211,0.09200101,0.07989162,0.17065589
2024-05-01,0.18369114,0.06796523,0.16765858,0.055926505,0.0016881549,0.96221006,0.11559585,0.08987147,0.080006905,0.16773504
2024-05-02,0.18080913,0.062327407,0.17449637,0.055575114,0.00168415,0.99714935,0.123308554,0.089710705,0.08245293,0.16993898
2024-05-03,0.17815985,0.08150585,0.17866978,0.05604934,0.0016787763,0.994022,0.13304396,0.09179863,0.08823553,0.17037302
2024-05-06,0.17634046,0.06851588,0.17139174,0.056537405,0.0016744593,0.9816071,0.14456892,0.09286431,0.097554535,0.17609249
2024-05-07,0.17380826,0.06368007,0.16413756,0.056016967,0.0016649328,0.97373176,0.15698798,0.0930078,0.107707165,0.18327613
2024-05-08,0.16864659,0.0820157,0.16386421,0.05633789,0.0016637979,0.9410394,0.16117494,0.0930203,0.11646077,0.18373251
2024-05-09,0.16078678,0.06750423,0.16512056,0.055094898,0.0016684529,0.8579533,0.15771669,0.0930908,0.12122572,0.1750848
2024-05-10,0.15300702,0.06323081,0.16312781,0.052994005,0.0016724201,0.80576396,0.1500669,0.093771465,0.12045531,0.16122173
2024-05-13,0.14724644,0.08141042,0.15988491,0.0476677,0.0016733932,0.77829933,0.14333707,0.094308026,0.115200125,0.1473554
2024-05-14,0.14365369,0.064728044,0.16059771,0.04594888,0.001672668,0.7673391,0.14176248,0.09428207,0.10882608,0.1400519
2024-05-15,0.14121732,0.0574349,0.1579437,0.0441148,0.0016738904,0.73041266,0.1421372,0.09407868,0.1031252,0.13390933
2024-05-16,0.13985318,0.072029635,0.14916177,0.044238765,0.001680459,0.7065438,0.14331837,0.09375784,0.098171055,0.12974004
2024-05-17,0.13936745,0.059071954,0.14556512,0.045174558,0.0016866202,0.73109645,0.14608233,0.09324172,0.09315786,0.12817013
2024-05-20,0.13996144,0.052435715,0.1513326,0.045169223,0.0016865816,0.7712807,0.14697492,0.09157463,0.089246325,0.123700485
2024-05-21,0.13994765,0.070101246,0.15283607,0.04424606,0.0016906301,0.7821595,0.14636451,0.08991672,0.08646304,0.116993695
2024-05-22,0.13827792,0.05962117,0.1445828,0.044886168,0.0016923521,0.7697241,0.14384338,0.08914572,0.08507814,0.11223604
2024-05-23,0.1353508,0.05252672,0.13910551,0.04440096,0.0016969829,0.7362713,0.13901654,0.0900121,0.084342666,0.10969804
2024-05-24,0.13300838,0.07024915,0.14173348,0.044779528,0.0016989536,0.69980776,0.13602673,0.093605906,0.08415659,0.109524556
2024-05-28,0.13226177,0.061284974,0.14838482,0.0448723,0.0016943709,0.6761093,0.1337316,0.099802464,0.08408055,0.111044474
2024-05-29,0.13365638,0.055517178,0.15105727,0.045358285,0.0016940353,0.6928576,0.1349705,0.10496243,0.08355267,0.11672786
2024-05-30,0.1379954,0.07369048,0.15467368,0.04573515,0.001706403,0.7680384,0.13961129,0.1101895,0.08285583,0.1324334
2024-05-31,0.1421711,0.06490025,0.15911704,0.045407817,0.0017279268,0.84430575,0.14450276,0.117754504,0.08272048,0.1442647
2024-06-03,0.1434697,0.05793431,0.1551205,0.045607354,0.0017514112,0.8511694,0.14366223,0.12433135,0.08313776,0.14658058
2024-06-04,0.14233257,0.073779106,0.14327501,0.044758048,0.0017669926,0.88588774,0.14251539,0.1281479,0.083527505,0.15005527
2024-06-05,0.14113015,0.06405229,0.13816828,0.046286937,0.0017749497,0.9480091,0.14828546,0.13285041,0.082065746,0.15411286
2024-06-06,0.13846192,0.05531249,0.13913934,0.047732893,0.0017741675,0.9095063,0.1567453,0.13884073,0.081184,0.15439396
2024-06-07,0.1336971,0.07125415,0.1368843,0.04695157,0.0017698158,0.85747635,0.16818526,0.14217833,0.082404785,0.15321106
2024-06-10,0.12914246,0.061689984,0.1349276,0.048070006,0.0017617199,0.83451635,0.17861295,0.14508344,0.086779855,0.15866825
2024-06-11,0.12593529,0.055247206,0.13922042,0.051070742,0.0017439923,0.8297686,0.18513002,0.15161105,0.09281868,0.16757116
2024-06-12,0.12415482,0.073238075,0.14227843,0.05330051,0.0017248904,0.829558,0.1850409,0.15905385,0.097259894,0.17166167
2024-06-13,0.122210495,0.06354823,0.13928746,0.05475252,0.0017064624,0.8147461,0.1833452,0.16305417,0.09986494,0.16881497
2024-06-14,0.12019326,0.05600479,0.13194846,0.055916477,0.0016938116,0.805678,0.18122733,0.16295826,0.10055707,0.16693938
2024-06-17,0.11826776,0.07220828,0.13302937,0.05790758,0.0016814057,0.832056,0.18003623,0.15956719,0.09915091,0.16764598
2024-06-18,0.11599196,0.0612869,0.1374583,0.05585336,0.001662799,0.8380633,0.17888583,0.15631469,0.09628777,0.16275279
2024-06-20,0.1136255,0.053664897,0.13298143,0.053667713,0.0016497745,0.80907154,0.17788799,0.1527564,0.09267574,0.1595038
2024-06-21,0.11219628,0.07006059,0.12617697,0.05341314,0.0016354079,0.80693996,0.17636727,0.1477491,0.0899982,0.16426787
2024-06-24,0.11129948,0.05865874,0.1275249,0.053429298,0.001628617,0.818274,0.175069,0.14202663,0.08825229,0.1686681
2024-06-25,0.11076026,0.05141437,0.13055167,0.053260088,0.0016271103,0.78725064,0.17576079,0.13817452,0.08714644,0.16370663
2024-06-26,0.11138729,0.06885541,0.12829658,0.05576593,0.0016259169,0.78019446,0.1748886,0.1343362,0.08613994,0.15687867
2024-06-27,0.112872936,0.058391113,0.1265274,0.055769615,0.0016302444,0.8051373,0.17934674,0.13260347,0.08521429,0.15098043
2024-06-28,0.11479161,0.05089607,0.12952647,0.05534208,0.0016364696,0.8103582,0.18215482,0.13269114,0.08443376,0.1447851
2024-07-01,0.11678773,0.06783843,0.1271865,0.05355494,0.0016364295,0.789218,0.18048804,0.12916996,0.08320751,0.1373308
2024-07-02,0.11734646,0.058170076,0.11895441,0.052675705,0.0016317561,0.75542295,0.17707872,0.12408399,0.08105839,0.13131434
2024-07-03,0.11672949,0.04908494,0.11270673,0.05202187,0.0016217869,0.72056705,0.17380325,0.12052455,0.07812007,0.1287758
2024-07-05,0.116313584,0.06420895,0.10809205,0.05421976,0.001615076,0.69171256,0.16477722,0.11974816,0.0751345,0.12519439
2024-07-08,0.11562276,0.056926172,0.10615624,0.054107554,0.0015997386,0.67082494,0.15368418,0.118227914,0.07151363,0.12185688
2024-07-09,0.11499498,0.049615674,0.10504592,0.054576818,0.0015885419,0.6626906,0.14363953,0.115786836,0.06767898,0.11827742
2024-07-10,0.114559084,0.06527152,0.10559207,0.05476439,0.0015822912,0.6671595,0.13423917,0.11785889,0.06532451,0.11597086
2024-07-11,0.11404447,0.056972142,0.10681453,0.05219061,0.00157663,0.68596363,0.12932423,0.1196715,0.0643087,0.113945216
2024-07-12,0.113526545,0.048722293,0.107109174,0.048023056,0.0015745102,0.6803053,0.12718731,0.117373876,0.0646383,0.113137
2024-07-15,0.1138208,0.06290942,0.10919722,0.047535613,0.0015716677,0.67092496,0.12784559,0.11049853,0.066108555,0.121127106
2024-07-16,0.114489175,0.054277293,0.1110487,0.04875646,0.001569882,0.6796988,0.12927306,0.10539046,0.06887695,0.13556983
2024-07-17,0.1158993,0.046556525,0.11191418,0.049183764,0.0015679142,0.6744375,0.13082772,0.103744455,0.07295344,0.14809166
2024-07-18,0.11740325,0.06279322,0.11480931,0.050340287,0.0015659311,0.66321546,0.13185349,0.10356857,0.077508226,0.16062097
2024-07-19,0.11973133,0.054779913,0.12984996,0.05011733,0.0015660807,0.70149153,0.13099822,0.10311576,0.082272805,0.17787193
2024-07-22,0.12475621,0.049804967,0.14762647,0.048202395,0.0015674565,0.76837224,0.1303875,0.10457483,0.086876355,0.18932904
2024-07-23,0.13352662,0.06983603,0.15580827,0.048113495,0.0015693763,0.80924326,0.13050087,0.107820496,0.09101656,0.19341387
2024-07-24,0.14260824,0.060708027,0.15517731,0.047191035,0.0015702823,0.8591205,0.13004898,0.1105835,0.09377382,0.2016384
2024-07-25,0.15104271,0.053057104,0.16070777,0.047518663,0.0015696817,0.96559715,0.13185246,0.114151165,0.09245408,0.21440116
2024-07-26,0.15872627,0.072678916,0.17516845,0.04832439,0.0015691996,1.1523494,0.13239892,0.116405986,0.08897159,0.22057347
2024-07-29,0.16695952,0.0653182,0.18278874,0.04892701,0.0015698437,1.152484,0.13098633,0.11556019,0.08553754,0.21372972
2024-07-30,0.17761368,0.060390692,0.18004534,0.048515406,0.0015706362,1.1717467,0.13017485,0.11386666,0.08516666,0.20938723
2024-07-31,0.18773071,0.077143714,0.17967696,0.046813603,0.0015723751,1.2590281,0.12745331,0.11201139,0.0880924,0.21126458
2024-08-01,0.19331819,0.067451164,0.18010925,0.044372283,0.0015748682,1.2821702,0.12352202,0.11180775,0.09208528,0.20818847
2024-08-02,0.19340253,0.060488906,0.1767863,0.042175405,0.001577544,1.2912205,0.12397826,0.11602463,0.09460845,0.20355618
2024-08-05,0.19403999,0.078414775,0.18774247,0.043805506,0.0015791089,1.4310381,0.13082246,0.12524612,0.096973136,0.21084093
2024-08-06,0.19915746,0.0692437,0.2121825,0.05016373,0.0015783609,1.9683398,0.14641973,0.13572061,0.10117238,0.23131654
2024-08-07,0.21102738,0.06556013,0.23587382,0.053396203,0.0015770757,2.6007218,0.16804169,0.14290611,0.108560756,0.26223987
2024-08-08,0.22781244,0.08831672,0.24439724,0.054480664,0.0015761789,2.5482657,0.18512622,0.14624313,0.11795792,0.29860613
2024-08-09,0.24800469,0.07289742,0.24271008,0.05733911,0.0015765888,2.8275402,0.19851011,0.14810935,0.12694368,0.33513612
2024-08-12,0.26244098,0.06921467,0.242867,0.057183523,0.0015792734,3.0586991,0.20438434,0.15018469,0.13269493,0.35197067
2024-08-13,0.2676011,0.089083284,0.24749663,0.056831297,0.0015806362,3.2367632,0.20565979,0.15250662,0.13326234,0.34577277
2024-08-14,0.26471543,0.07180714,0.24553496,0.056876462,0.0015814658,3.195295,0.2047464,0.15526624,0.13161702,0.3252131
2024-08-15,0.25640008,0.06834954,0.23591033,0.05670897,0.0015829109,3.0191457,0.20424607,0.15808128,0.13015485,0.30529
2024-08-16,0.24510226,0.08873738,0.22867236,0.056362964,0.001585235,2.7744045,0.20220052,0.15977786,0.12984017,0.28766027
2024-08-19,0.23397078,0.070050836,0.22045308,0.05488613,0.001588372,2.5499268,0.20078993,0.15807028,0.12818271,0.2755926
2024-08-20,0.22606513,0.06599027,0.2151404,0.054226264,0.0015892996,2.3669784,0.20226276,0.15536822,0.1253942,0.27417004
2024-08-21,0.21986978,0.085232034,0.21615659,0.053635444,0.0015913509,2.3529253,0.20563945,0.15360071,0.12282533,0.2745303
2024-08-22,0.21478179,0.06699349,0.22144014,0.053706154,0.0015950705,2.373397,0.20959502,0.15234877,0.12050708,0.2696897
2024-08-23,0.20916536,0.06345927,0.22241278,0.055499073,0.00159948,2.354857,0.20929624,0.15028821,0.11705706,0.25725335
2024-08-26,0.20346923,0.085795395,0.21644104,0.05506694,0.0016021278,2.220018,0.20711756,0.14710794,0.11235074,0.24872774
2024-08-27,0.19714735,0.066422634,0.20763272,0.05543445,0.0016011589,2.079936,0.20199901,0.14506066,0.1068821,0.24386093
2024-08-28,0.19393958,0.062361583,0.20570661,0.054436274,0.0015985075,1.867272,0.19570312,0.1451282,0.1013193,0.24787506
2024-08-29,0.19264592,0.08311116,0.20910276,0.052287523,0.0015966421,1.7574614,0.18938321,0.1487461,0.09600232,0.2442282
2024-08-30,0.19330567,0.066659264,0.21330903,0.052833524,0.0015949431,1.7371304,0.18383595,0.15359685,0.091626346,0.23387258
2024-09-03,0.19495931,0.063210875,0.21344814,0.05163765,0.0015923365,1.7590371,0.18031508,0.1525953,0.088104755,0.22477086
2024-09-04,0.19747855,0.08200276,0.20948428,0.050602343,0.0015893998,1.948859,0.18121846,0.14989787,0.0850292,0.21737434
2024-09-05,0.2008758,0.067880996,0.20654042,0.045821697,0.0015864877,1.9981802,0.17972665,0.15159963,0.07876933,0.20613006
2024-09-06,0.20332782,0.061126348,0.19923338,0.04377018,0.0015848896,1.8356985,0.174114,0.15552667,0.07105398,0.19587693
2024-09-09,0.20681293,0.07650434,0.19438717,0.041246347,0.0015822357,1.9278135,0.17400934,0.16040397,0.06637476,0.19817361
2024-09-10,0.20997497,0.06698975,0.19669043,0.04055596,0.0015789283,2.1519558,0.18108587,0.16575293,0.0631355,0.20443732
2024-09-11,0.20988205,0.059731532,0.19790521,0.03948721,0.0015769951,2.174005,0.18693142,0.16840652,0.061486777,0.20786801
2024-09-12,0.20707908,0.07676538,0.19253728,0.039574545,0.0015783944,2.0890265,0.18955691,0.16864568,0.061050717,0.20469488
2024-09-13,0.2016686,0.067673914,0.1860866,0.040124457,0.001581783,1.9473604,0.18994626,0.16687363,0.062116235,0.2002021
2024-09-16,0.1939931,0.05951843,0.18098885,0.040114164,0.0015891206,1.7596717,0.19109829,0.16705562,0.063193366,0.19401357
2024-09-17,0.18567944,0.075955026,0.18138608,0.040107336,0.0015982597,1.5770442,0.19446328,0.17129256,0.06406124,0.1865342
2024-09-18,0.17817877,0.0660836,0.18073072,0.039036296,0.001603735,1.4542341,0.19622374,0.17451346,0.06573634,0.18120094
2024-09-19,0.17232427,0.05905501,0.17930457,0.038714405,0.0016137916,1.3690583,0.19758862,0.17361191,0.06828815,0.17837717
2024-09-20,0.16731015,0.077528834,0.17705372,0.0390529,0.0016207853,1.3657366,0.20072836,0.1724935,0.07044714,0.17657727
2024-09-23,0.16183022,0.066109486,0.17522602,0.038823254,0.001627538,1.416014,0.20371675,0.17308035,0.07183674,0.1728425
2024-09-24,0.15862958,0.05939192,0.17747644,0.03791351,0.0016370207,1.4864216,0.20569794,0.174224,0.07318767,0.17486703
2024-09-25,0.15591371,0.07747787,0.17782953,0.036288057,0.0016442484,1.5124525,0.20452082,0.17420956,0.07459575,0.17733648
2024-09-26,0.15240037,0.063669346,0.17642966,0.03524902,0.0016545748,1.437622,0.20220381,0.17091703,0.075819075,0.17697613
2024-09-27,0.14893411,0.055639416,0.17443587,0.034973767,0.001650046,1.2903455,0.19922404,0.16873549,0.07734425,0.17381693
2024-09-30,0.14561827,0.07275795,0.17083542,0.035492543,0.0016473302,1.2181125,0.19538046,0.1685286,0.079523064,0.1701986
2024-10-01,0.14358133,0.060997117,0.17247167,0.03615106,0.0016480439,1.1558257,0.19313993,0.16567414,0.0822242,0.16599873
2024-10-02,0.14341916,0.053912096,0.1758667,0.034709644,0.0016443168,1.1601627,0.19476084,0.16188112,0.083865434,0.16090536
2024-10-03,0.14618553,0.07174212,0.1782117,0.03477753,0.0016366029,1.1836247,0.19633494,0.15905967,0.08366284,0.15528755
2024-10-04,0.1503294,0.061486565,0.17786077,0.034800503,0.0016336133,1.1011983,0.19691351,0.15746258,0.08232316,0.14554858
2024-10-07,0.15478753,0.054042608,0.17575184,0.03450057,0.0016219148,1.145122,0.19617972,0.15947546,0.080928385,0.14240935
2024-10-08,0.15614752,0.0720027,0.16911133,0.037468832,0.0016096536,1.2402732,0.19799523,0.16336638,0.08008209,0.14427465
2024-10-09,0.15531051,0.062836066,0.16250874,0.039486773,0.0015993001,1.3141664,0.20186225,0.16622616,0.08055442,0.15032905
2024-10-10,0.15121754,0.054340117,0.15690233,0.040679168,0.0015918503,1.2115068,0.20640792,0.17373404,0.08265813,0.1521144
2024-10-11,0.14745823,0.07166346,0.15383624,0.040239062,0.0015874677,1.1717446,0.20287748,0.18046814,0.08418372,0.15190993
2024-10-14,0.14463273,0.06335189,0.15270787,0.03999959,0.001584829,1.1500512,0.2009794,0.18384402,0.08386022,0.15165995
2024-10-15,0.14143308,0.055744957,0.14967167,0.039530206,0.0015816682,1.1455647,0.2019526,0.18701239,0.08167844,0.14993039
2024-10-16,0.13838114,0.07303326,0.14936663,0.037587028,0.0015788673,1.1380093,0.20172709,0.19292991,0.079130866,0.14624514
2024-10-17,0.13679685,0.06396331,0.1521464,0.037536103,0.0015766731,1.1431903,0.2001356,0.1990664,0.076890856,0.14191951
2024-10-18,0.13600661,0.055690583,0.15508927,0.038392894,0.0015766753,1.1257167,0.1951993,0.19984783,0.07427717,0.13831538
2024-10-21,0.13583656,0.07282859,0.15534556,0.03883203,0.0015787276,1.1243378,0.1949844,0.19774461,0.071844555,0.13555141
2024-10-22,0.13481584,0.062644154,0.15270033,0.04110438,0.0015794389,1.0872768,0.19625016,0.19402005,0.070604116,0.13196172
2024-10-23,0.13269566,0.054270133,0.14900051,0.043472804,0.0015762477,1.06389,0.19447842,0.18968213,0.07042278,0.12797458
2024-10-24,0.13010411,0.07302169,0.14959319,0.044230957,0.0015725385,1.0320293,0.19087541,0.18660429,0.07065179,0.12922812
2024-10-25,0.12819727,0.06342701,0.15146971,0.044814017,0.0015706879,1.0035088,0.18903793,0.1846969,0.070332736,0.13886152
2024-10-28,0.12817828,0.05550456,0.15320808,0.04422633,0.0015708552,0.9531047,0.1845645,0.18278927,0.06966149,0.14869165
2024-10-29,0.13000412,0.072234064,0.15058753,0.044031233,0.001571626,0.9282046,0.17759387,0.17955229,0.06765451,0.15252239
2024-10-30,0.13137084,0.061444722,0.14548759,0.041939314,0.001573208,0.8922195,0.16834073,0.18206577,0.06559316,0.14791839
2024-10-31,0.1318912,0.0523398,0.14263117,0.0405835,0.0015742375,0.8723543,0.16516948,0.18721743,0.064494185,0.14504053
2024-11-01,0.13254344,0.07028027,0.14777891,0.038511682,0.0015756101,0.8955054,0.16579348,0.19022818,0.065036476,0.1398952
2024-11-04,0.1353544,0.06168472,0.1594328,0.038088247,0.0015770624,0.95016885,0.16805579,0.19099358,0.06647012,0.13582072
2024-11-05,0.14147277,0.056121867,0.16601709,0.038797803,0.0015767141,0.9363843,0.1689663,0.18901424,0.06847125,0.13516891
2024-11-06,0.15065135,0.0746442,0.1621164,0.039803296,0.0015743976,0.9272915,0.16468804,0.18500991,0.071085505,0.14107361
2024-11-07,0.15715995,0.06393903,0.15413542,0.041500192,0.0015730712,0.89017665,0.16198412,0.18055281,0.07360699,0.15021986
2024-11-08,0.15923831,0.055824768,0.14960165,0.04356142,0.0015733005,0.9500494,0.16403921,0.17641579,0.074999906,0.17474848
2024-11-11,0.15958177,0.07263063,0.15518765,0.048899118,0.0015740003,1.0543982,0.17411293,0.17287229,0.076513916,0.20779929
2024-11-12,0.16041222,0.062867075,0.16289288,0.05087607,0.0015749543,1.0722047,0.18484849,0.17112012,0.079105586,0.22402401
2024-11-13,0.1619941,0.056310993,0.16843541,0.0495252,0.0015760429,1.0343457,0.19058692,0.17368573,0.08151919,0.22825566
2024-11-14,0.16313258,0.07628111,0.16947076,0.051360384,0.0015763341,0.98933834,0.19270216,0.1769288,0.08195734,0.22926009
2024-11-15,0.16398314,0.06596194,0.16881415,0.049551867,0.0015769865,0.95684314,0.18861821,0.17799911,0.0801548,0.23337866
2024-11-18,0.16520782,0.059284505,0.1695396,0.048526898,0.0015783136,0.9978092,0.18111788,0.17826569,0.0778366,0.23946218
2024-11-19,0.16653524,0.079328015,0.17381644,0.04790915,0.00158017,1.0584456,0.17365478,0.1776485,0.076166205,0.24612515
2024-11-20,0.16790025,0.067335084,0.1741729,0.04817236,0.0015812444,1.086191,0.16548051,0.17757246,0.07476894,0.25015277
2024-11-21,0.17036077,0.059424505,0.17148903,0.04584573,0.001581383,1.1321207,0.16064858,0.17902374,0.07338058,0.2452939
2024-11-22,0.170699,0.076576926,0.16618404,0.045050055,0.0015811371,1.1472034,0.15564099,0.17827134,0.07215426,0.22828728
2024-11-25,0.16830039,0.06422026,0.15967597,0.04433398,0.0015805862,1.0890355,0.15192918,0.17372811,0.070767164,0.20669726
2024-11-26,0.16570434,0.05631981,0.15315908,0.044244837,0.0015800145,1.042014,0.15179256,0.16962132,0.071806386,0.19651876
2024-11-27,0.16470374,0.07373884,0.15362395,0.048319463,0.001580716,1.0496542,0.15419136,0.16724516,0.076784916,0.19247182
2024-11-29,0.16604604,0.063389815,0.15965042,0.0513658,0.0015832809,1.0476685,0.15586028,0.16092874,0.08568538,0.19156764
2024-12-02,0.1684724,0.05688879,0.16392753,0.052070733,0.0015838913,1.0465077,0.15787004,0.1554812,0.09531194,0.19305235
2024-12-03,0.16925088,0.074421406,0.15929681,0.0536527,0.0015817112,1.0260245,0.15817377,0.1517958,0.102517374,0.19655235
2024-12-04,0.16762716,0.06258185,0.15208165,0.05192971,0.0015779033,0.97358304,0.1542495,0.14780402,0.10417551,0.19809039
2024-12-05,0.1620715,0.054029126,0.14497916,0.05193175,0.0015734729,0.9462786,0.14602202,0.14416294,0.104741566,0.19782186
2024-12-06,0.15282506,0.070938066,0.13974026,0.051331583,0.0015696165,0.93842185,0.14143786,0.14050153,0.105576456,0.19539271
2024-12-09,0.14256702,0.05997587,0.13379611,0.050025422,0.0015675672,0.9071568,0.14121343,0.13792585,0.10674329,0.19156744
2024-12-10,0.13177729,0.051891495,0.12426083,0.047529493,0.0015659315,0.85167813,0.14342944,0.13590546,0.10608622,0.17473607
2024-12-11,0.12348552,0.06920611,0.122194864,0.04547737,0.0015644808,0.8228451,0.14537258,0.13454907,0.10237951,0.15079299
2024-12-12,0.119773515,0.058574002,0.12624969,0.04298343,0.001562755,0.78130525,0.14747001,0.13251735,0.09683183,0.13342986
2024-12-13,0.11884475,0.050280783,0.12967247,0.04320534,0.0015600552,0.773658,0.15166491,0.12992749,0.091028355,0.12043805
2024-12-16,0.12071088,0.0675243,0.13783413,0.042491794,0.0015565343,0.77628034,0.15738143,0.12933007,0.08696379,0.11379616
2024-12-17,0.12437691,0.05846409,0.1445875,0.043399073,0.0015534349,0.76957625,0.16281705,0.1305746,0.0851376,0.11089039
2024-12-18,0.1279138,0.05025011,0.14416158,0.04392625,0.0015510932,0.78520316,0.17003126,0.13020739,0.08483304,0.11408296
2024-12-19,0.13164456,0.06768157,0.1492083,0.04552975,0.001550538,1.2397624,0.18014011,0.12857075,0.08414192,0.12990704
2024-12-20,0.13858198,0.062150545,0.1707525,0.048244964,0.0015526806,2.3431702,0.19372813,0.12279943,0.08429594,0.15847604
2024-12-23,0.15013508,0.060251813,0.1910136,0.049834915,0.0015562228,2.5796583,0.2070216,0.11517324,0.08668868,0.1910289
2024-12-24,0.16705243,0.08191967,0.19373868,0.050623402,0.0015590288,2.8782566,0.21615826,0.10911531,0.09134037,0.2329546
2024-12-26,0.18185923,0.07260336,0.19097222,0.050430775,0.0015630646,3.2064788,0.22293842,0.10685733,0.09580355,0.2618564
2024-12-27,0.18896899,0.066622846,0.1897913,0.050508857,0.0015690698,3.420468,0.22578776,0.10585872,0.09774276,0.26590824
2024-12-30,0.18907565,0.08443937,0.19173136,0.046838447,0.0015720829,3.4926472,0.22590685,0.102372505,0.0949704,0.2511503
