Date,portfolio_value,daily_return,cumulative_return
2021-08-30,,,0.0
2021-08-31,,,0.0
2021-09-01,,,0.0
2021-09-02,,,0.0
2021-09-03,,,0.0
2021-09-07,,,0.0
2021-09-08,,,0.0
2021-09-09,,,0.0
2021-09-10,,,0.0
2021-09-13,,,0.0
2021-09-14,,,0.0
2021-09-15,,,0.0
2021-09-16,,,0.0
2021-09-17,,,0.0
2021-09-20,,,0.0
2021-09-21,,,0.0
2021-09-22,,,0.0
2021-09-23,,,0.0
2021-09-24,,,0.0
2021-09-27,,,0.0
2021-09-28,,,0.0
2021-09-29,,,0.0
2021-09-30,,,0.0
2021-10-01,,,0.0
2021-10-04,,,0.0
2021-10-05,,,0.0
2021-10-06,,,0.0
2021-10-07,,,0.0
2021-10-08,,,0.0
2021-10-11,,,0.0
2021-10-12,,,0.0
2021-10-13,,,0.0
2021-10-14,,,0.0
2021-10-15,,,0.0
2021-10-18,,,0.0
2021-10-19,,,0.0
2021-10-20,,,0.0
2021-10-21,,,0.0
2021-10-22,,,0.0
2021-10-25,,,0.0
2021-10-26,,,0.0
2021-10-27,,,0.0
2021-10-28,,,0.0
2021-10-29,,,0.0
2021-11-01,,,0.0
2021-11-02,,,0.0
2021-11-03,,,0.0
2021-11-04,,,0.0
2021-11-05,,,0.0
2021-11-08,,,0.0
2021-11-09,,,0.0
2021-11-10,,,0.0
2021-11-11,,,0.0
2021-11-12,,,0.0
2021-11-15,,,0.0
2021-11-16,,,0.0
2021-11-17,,,0.0
2021-11-18,,,0.0
2021-11-19,,,0.0
2021-11-22,,,0.0
2021-11-23,,,0.0
2021-11-24,,,0.0
2021-11-26,,,0.0
2021-11-29,,,0.0
2021-11-30,1000000.0,,0.0
2021-12-01,995418.0053828263,-0.004581994617173679,-0.004581994617173679
2021-12-02,1004312.1101288043,0.008935045074413228,0.004312110128804392
2021-12-03,1000866.3470255471,-0.003430968389712352,0.0008663470255472205
2021-12-06,1006178.8824003737,0.005307936859516582,0.006178882400373897
2021-12-07,1014315.2840094604,0.008086436469106006,0.014315284009460694
2021-12-08,1014458.6688487808,0.00014136121340269092,0.014458668848781109
2021-12-09,1010959.2674304253,-0.003449525866171199,0.010959267430425745
2021-12-10,1012913.9319007812,0.0019334750007526935,0.012913931900781828
2021-12-13,1003511.9576380381,-0.009282105780794137,0.0035119576380386874
2021-12-14,1003171.0549342546,-0.00033970965785590224,0.0031710549342551797
2021-12-15,1002535.038028185,-0.0006340064368297593,0.0025350380281856655
2021-12-16,1003175.8313898337,0.0006391730337016455,0.0031758313898342383
2021-12-17,997175.6815001944,-0.005981154750634876,-0.002824318499805134
2021-12-20,993453.5897283467,-0.0037326339188777924,-0.006546410271652814
2021-12-21,1003380.3032348731,0.009992126063222306,0.003380303234873594
2021-12-22,1004613.7669757644,0.0012293083060477272,0.004613766975764877
2021-12-23,1005093.4975296549,0.0004775273539547875,0.0050934975296552665
2021-12-27,1013367.0577400376,0.008231632411032086,0.01336705774003799
2021-12-28,1012216.7321966856,-0.0011351519023298229,0.012216732196685953
2021-12-29,1012435.198804379,0.00021582987194768144,0.012435198804379155
2021-12-30,1009355.7556257484,-0.0030416200288839734,0.00935575562574864
2021-12-31,1009495.2534576302,0.00013820482134696555,0.00949525345763047
2022-01-03,1020668.536132535,0.011068187429940979,0.020668536132535387
2022-01-04,1034231.4108752441,0.013288226552080173,0.03423141087524462
2022-01-05,1034836.8915190544,0.0005854401997884562,0.03483689151905489
2022-01-06,1043781.6188016057,0.008643610752435693,0.043781618801606026
2022-01-07,1047540.845552714,0.0036015452690423277,0.047540845552714206
2022-01-10,1045984.3252713535,-0.0014858802766198886,0.045984325271353654
2022-01-11,1057212.8231123928,0.010734862435081372,0.05721282311239295
2022-01-12,1057001.584283046,-0.00019980729019630772,0.057001584283046025
2022-01-13,1052934.3881464629,-0.0038478619115238644,0.05293438814646301
2022-01-14,1063671.3271330076,0.01019715863345061,0.06367132713300783
2022-01-18,1067648.42280333,0.00373902686748373,0.06764842280333028
2022-01-19,1064621.3620769698,-0.0028352598680491115,0.06462136207697
2022-01-20,1059685.8396340664,-0.004635941583282399,0.059685839634066706
2022-01-21,1050992.3767333087,-0.008203811521875104,0.05099237673330892
2022-01-24,1052185.892203711,0.0011356081136497664,0.05218589220371128
2022-01-25,1066158.9344502948,0.013280012923684525,0.06615893445029508
2022-01-26,1068776.3045148668,0.0024549529905890655,0.06877630451486705
2022-01-27,1076094.1421827122,0.006846931052767902,0.07609414218271238
2022-01-28,1074430.0935829508,-0.0015463782716873542,0.07443009358295094
2022-01-31,1074144.1917837092,-0.0002660962318061788,0.07414419178370935
2022-02-01,1084885.7161392649,0.010000076747348485,0.0848857161392651
2022-02-02,1086486.1581186051,0.0014752171178322726,0.08648615811860538
2022-02-03,1088052.5269550213,0.0014416831956041154,0.08805252695502142
2022-02-04,1094746.170451335,0.006151948854019151,0.09474617045133504
2022-02-07,1098454.9645844258,0.003387811926815809,0.09845496458442593
2022-02-08,1091797.544742098,-0.00606071259812313,0.09179754474209822
2022-02-09,1093153.6586081674,0.0012420927969660767,0.0931536586081676
2022-02-10,1095682.8736792656,0.0023136866909621023,0.09568287367926587
2022-02-11,1103801.0286315267,0.007409219535394085,0.10380102863152696
2022-02-14,1099762.8657116715,-0.0036584156157760672,0.09976286571167159
2022-02-15,1094332.8464224783,-0.004937445569849652,0.09433284642247841
2022-02-16,1095381.5031987962,0.0009582612636969134,0.09538150319879635
2022-02-17,1093583.9397255513,-0.001641038732163702,0.09358393972555135
2022-02-18,1091366.0071018706,-0.0020281320373425338,0.0913660071018707
2022-02-22,1088561.480602386,-0.0025697396485090396,0.088561480602386
2022-02-23,1093002.6319360617,0.004079835096882256,0.09300263193606173
2022-02-24,1091522.3295204605,-0.0013543447859581947,0.09152232952046058
2022-02-25,1098105.798105062,0.006031455707822264,0.09810579810506215
2022-02-28,1103601.234698515,0.005004469153096158,0.1036012346985149
2022-03-01,1106255.785837521,0.002405353542152655,0.10625578583752104
2022-03-02,1121826.0603481235,0.014074750803508396,0.1218260603481236
2022-03-03,1123669.801086528,0.0016435174788436147,0.12366980108652803
2022-03-04,1135567.2951970857,0.010588069643816533,0.13556729519708566
2022-03-07,1146977.9152546471,0.010048387361826006,0.1469779152546471
2022-03-08,1154595.5127095198,0.0066414508540746375,0.15459551270951977
2022-03-09,1138708.1954823206,-0.01376007186266992,0.1387081954823206
2022-03-10,1148101.2498844154,0.008248868708735424,0.1481012498844152
2022-03-11,1148851.3838049434,0.0006533691349988047,0.14885138380494323
2022-03-14,1137554.8315362646,-0.009832910007267492,0.13755483153626447
2022-03-15,1125099.1522951557,-0.010949519878780345,0.12509915229515545
2022-03-16,1121567.7660336732,-0.003138733376768288,0.12156776603367292
2022-03-17,1134569.9496234502,0.01159286490174205,0.13456994962345004
2022-03-18,1134207.0858046378,-0.00031982498649185676,0.13420708580463758
2022-03-21,1151679.7540247184,0.01540518344380204,0.15167975402471812
2022-03-22,1150360.6197566802,-0.0011454002411940278,0.15036061975668003
2022-03-23,1158367.416908924,0.0069602496945151415,0.15836741690892375
2022-03-24,1161582.5198082589,0.0027755467327579275,0.16158251980825855
2022-03-25,1172333.1090709283,0.009255123143936395,0.17233310907092791
2022-03-28,1162267.5175870548,-0.008585948316217507,0.16226751758705427
2022-03-29,1158422.1907487104,-0.003308469676867043,0.15842219074871
2022-03-30,1162484.118330278,0.0035064310870480675,0.16248411833027765
2022-03-31,1155586.0167492654,-0.005933931889685162,0.1555860167492651
2022-04-01,1160988.8129186044,0.004675373439129604,0.16098881291860412
2022-04-04,1161137.5824365672,0.00012814035441799376,0.16113758243656684
2022-04-05,1156884.9803439465,-0.00366244462064258,0.15688498034394605
2022-04-06,1158175.2753510694,0.0011153183151701995,0.158175275351069
2022-04-07,1162590.5906059728,0.0038123031538253027,0.16259059060597236
2022-04-08,1174027.7542762128,0.0098376537386895,0.17402775427621253
2022-04-11,1164136.901782753,-0.00842471777812226,0.16413690178275275
2022-04-12,1171512.4784059005,0.0063356608761844235,0.17151247840590034
2022-04-13,1177517.3088246766,0.005125707604025642,0.17751730882467642
2022-04-14,1179800.6522497884,0.0019391166550162264,0.17980065224978814
2022-04-18,1187208.2221516778,0.006278662321269168,0.18720822215167776
2022-04-19,1184359.7623824158,-0.0023992924881361954,0.1843597623824158
2022-04-20,1185866.0570313006,0.0012718218709615314,0.18586605703130066
2022-04-21,1174306.0166599792,-0.009748183871845395,0.17430601665997925
2022-04-22,1164797.6068735237,-0.008097045958684435,0.16479760687352374
2022-04-25,1151766.8948222445,-0.011187104072316378,0.1517668948222446
2022-04-26,1151757.0551247417,-8.543132770211237e-06,0.1517570551247418
2022-04-27,1159129.7174695237,0.0064012304608660475,0.15912971746952365
2022-04-28,1173289.135181888,0.01221555922427342,0.17328913518188793
2022-04-29,1163420.2880076284,-0.00841126613921106,0.1634202880076283
2022-05-02,1167808.651171591,0.0037719500074024914,0.16780865117159083
2022-05-03,1179249.42394928,0.00979678714163601,0.1792494239492799
2022-05-04,1194264.273277189,0.012732547519611614,0.19426427327718865
2022-05-05,1189628.9727885025,-0.0038813021476115095,0.1896289727885021
2022-05-06,1200998.7275480211,0.009557395641489608,0.20099872754802073
2022-05-09,1168676.0812343082,-0.026913139516561713,0.16867608123430777
2022-05-10,1171484.9275309937,0.002403442957195523,0.17148492753099331
2022-05-11,1175622.838544561,0.0035321931305496435,0.17562283854456084
2022-05-12,1175836.2529710003,0.00018153307288870657,0.17583625297100003
2022-05-13,1187639.975728038,0.010038576993363746,0.1876399757280378
2022-05-16,1197016.5504872464,0.007895132321948273,0.1970165504872461
2022-05-17,1201080.7376125357,0.0033952639365220083,0.20108073761253542
2022-05-18,1191136.6282899517,-0.008279301308545262,0.19113662828995137
2022-05-19,1189590.5749875992,-0.0012979647049995435,0.1895905749875988
2022-05-20,1190419.0617323976,0.0006964469643744309,0.1904190617323973
2022-05-23,1199821.096269552,0.007898088025801275,0.19982109626955147
2022-05-24,1201213.3558671551,0.001160389329652567,0.20121335586715472
2022-05-25,1210500.8572959593,0.007731766703592324,0.2105008572959588
2022-05-26,1214731.9520549017,0.0034953257021179684,0.21473195205490114
2022-05-27,1221253.787314898,0.005368950120200333,0.22125378731489742
2022-05-31,1217870.4479709337,-0.00277038186420131,0.21787044797093302
2022-06-01,1228412.781645019,0.008656367096885997,0.22841278164501833
2022-06-02,1227404.8966688754,-0.0008204774414622973,0.22740489666887465
2022-06-03,1234280.13385623,0.005601441876281976,0.23428013385622926
2022-06-06,1235492.5527882713,0.0009822882980814462,0.23549255278827053
2022-06-07,1248845.108161,0.010807475401283906,0.24884510816099925
2022-06-08,1249348.5345544158,0.0004031135567781341,0.24934853455441508
2022-06-09,1243174.0157538967,-0.004942190773626898,0.24317401575389597
2022-06-10,1238713.9058537898,-0.003587679474946315,0.23871390585378904
2022-06-13,1220638.2681260868,-0.01459226189540852,0.2206382681260861
2022-06-14,1222074.5579522012,0.0011766711429745946,0.22207455795220055
2022-06-15,1212307.0060371137,-0.007992599020680613,0.21230700603711306
2022-06-16,1193396.2974916964,-0.015598943544205102,0.19339629749169585
2022-06-17,1173059.258182123,-0.017041312556707378,0.17305925818212242
2022-06-21,1191010.6411912472,0.01530304874533206,0.19101064119124644
2022-06-22,1172914.5170545662,-0.015193923136220921,0.1729145170545654
2022-06-23,1155632.6572466528,-0.014734117070450914,0.15563265724665198
2022-06-24,1159829.9277093725,0.0036320109477694373,0.15982992770937177
2022-06-27,1170690.9439332846,0.009364317961136237,0.170690943933284
2022-06-28,1182561.4440848257,0.01013973859886419,0.1825614440848251
2022-06-29,1171501.610140575,-0.00935243914772621,0.17150161014057463
2022-06-30,1162333.6068713712,-0.007825856311118318,0.16233360687137077
2022-07-01,1165756.3038256818,0.0029446769275849327,0.16575630382568152
2022-07-05,1150205.6421059074,-0.013339547612774227,0.15020564210590703
2022-07-06,1142458.8498082298,-0.00673513675649684,0.14245884980822954
2022-07-07,1156924.3045089217,0.012661685541776935,0.15692430450892147
2022-07-08,1156777.7241655553,-0.00012669830065381582,0.15677772416555502
2022-07-11,1157152.8714292261,0.00032430367203128974,0.15715287142922585
2022-07-12,1149493.1104070602,-0.00661948927517686,0.14949311040706004
2022-07-13,1151594.7841938867,0.001828348310919603,0.1515947841938865
2022-07-14,1148511.8098898595,-0.0026771346539097296,0.14851180988985946
2022-07-15,1153598.7753973196,0.0044291799732976145,0.15359877539731936
2022-07-18,1159653.1492113902,0.00524824916876776,0.15965314921138996
2022-07-19,1171003.7781426434,0.009787951629305791,0.17100377814264323
2022-07-20,1174508.1718795225,0.002992640845649097,0.17450817187952228
2022-07-21,1167759.2634658914,-0.005746157051279677,0.1677592634658911
2022-07-22,1162392.519655962,-0.004595762138508652,0.1623925196559619
2022-07-25,1177245.4100449954,0.0127778612971714,0.1772454100449954
2022-07-26,1176313.842922302,-0.000791310898088593,0.1763138429223019
2022-07-27,1184066.0290682407,0.006590236264397031,0.18406602906824077
2022-07-28,1180221.1682769638,-0.0032471675539095246,0.18022116827696388
2022-07-29,1192647.3971896467,0.010528729060862663,0.19264739718964674
2022-08-01,1183581.3601540716,-0.007601607195000248,0.18358136015407167
2022-08-02,1184679.1094158622,0.0009274810323540716,0.1846791094158624
2022-08-03,1176037.9076852826,-0.007294128563506419,0.1760379076852827
2022-08-04,1159263.3869716914,-0.01426358844725284,0.1592633869716915
2022-08-05,1167782.5767374765,0.007348795676226372,0.16778257673747654
2022-08-08,1169015.8509775938,0.0010560820692862016,0.16901585097759386
2022-08-09,1176787.5269398936,0.006648050114804516,0.17678752693989375
2022-08-10,1177259.5600649945,0.00040112009542481175,0.17725956006499466
2022-08-11,1189960.4302942366,0.010788504642545327,0.18996043029423682
2022-08-12,1194100.1590557348,0.0034788793443110144,0.19410015905573497
2022-08-15,1185185.5893436533,-0.007465512540531627,0.1851855893436536
2022-08-16,1186974.8364958614,0.001509676769862578,0.18697483649586166
2022-08-17,1192050.242235859,0.004275916880412511,0.1920502422358592
2022-08-18,1204789.6072004342,0.01068693626594186,0.2047896072004345
2022-08-19,1205701.3061596309,0.0007567287713539095,0.20570130615963134
2022-08-22,1208778.9025439767,0.002552536327715016,0.20877890254397724
2022-08-23,1222267.2751478269,0.01115867639273227,0.22226727514782763
2022-08-24,1227004.599599563,0.0038758498636586314,0.22700459959956376
2022-08-25,1229523.091860359,0.002052553235430299,0.22952309186035968
2022-08-26,1227380.4631025137,-0.0017426502780061304,0.22738046310251425
2022-08-29,1233278.082807913,0.004805046098331767,0.23327808280791373
2022-08-30,1219314.2874934522,-0.011322503423289665,0.21931428749345305
2022-08-31,1216093.8159804828,-0.0026412152682879775,0.21609381598048372
2022-09-01,1209506.8180529946,-0.00541652119345537,0.20950681805299531
2022-09-02,1216239.4172545841,0.005566400371704638,0.21623941725458473
2022-09-06,1214804.124048063,-0.001180107457593338,0.2148041240480636
2022-09-07,1210222.5985433422,-0.0037714108917031863,0.2102225985433428
2022-09-08,1212258.7115986575,0.001682428553033244,0.21225871159865828
2022-09-09,1219401.4347431364,0.00589207821411275,0.21940143474313722
2022-09-12,1224224.2472154582,0.003955065440231831,0.22422424721545897
2022-09-13,1218412.0357282413,-0.004747668983388409,0.2184120357282422
2022-09-14,1230337.8823219044,0.009788024284030472,0.23033788232190533
2022-09-15,1221050.58947918,-0.0075485709870179996,0.221050589479181
2022-09-16,1212004.1551056171,-0.007408730196364344,0.2120041551056182
2022-09-19,1214095.5675602898,0.001725581918067265,0.2140955675602909
2022-09-20,1212655.2834423617,-0.0011863020971423222,0.21265528344236295
2022-09-21,1208796.8792518002,-0.0031817815361416812,0.20879687925180135
2022-09-22,1205873.4961427236,-0.0024184237726408986,0.20587349614272465
2022-09-23,1183488.0268438724,-0.018563696250441297,0.18348802684387344
2022-09-26,1175585.146303647,-0.006677617653049528,0.17558514630364797
2022-09-27,1180793.9232655277,0.004430795147640776,0.18079392326552868
2022-09-28,1196095.637742338,0.012958835725113582,0.19609563774233907
2022-09-29,1196047.912799087,-3.99006080661346e-05,0.19604791279908795
2022-09-30,1192758.9458064388,-0.002749862240009282,0.19275894580643982
2022-10-03,1211140.635748633,0.015411068604282097,0.21114063574863406
2022-10-04,1221435.465608763,0.008500111016229495,0.22143546560876426
2022-10-05,1230782.8153092295,0.007652757729453841,0.23078281530923084
2022-10-06,1238854.701279955,0.006558334963993939,0.23885470127995623
2022-10-07,1238738.2298074907,-9.401544212084278e-05,0.23873822980749182
2022-10-10,1231659.8303430446,-0.005714201188047774,0.23165983034304571
2022-10-11,1228953.4854243202,-0.0021973152424485942,0.22895348542432137
2022-10-12,1232325.4182400445,0.0027437432382235727,0.2323254182400456
2022-10-13,1248201.2967869823,0.012882862198534406,0.24820129678698333
2022-10-14,1234412.7218382617,-0.011046755827136212,0.23441272183826278
2022-10-17,1238568.4214197688,0.0033665398192903595,0.23856842141976986
2022-10-18,1239630.7716855505,0.0008577243270613266,0.23963077168555147
2022-10-19,1252732.8663224713,0.0105693525331787,0.2527328663224724
2022-10-20,1253350.9655756613,0.0004934006840615623,0.2533509655756623
2022-10-21,1262321.3148666578,0.007157092895266226,0.262321314866659
2022-10-24,1263735.375956038,0.0011202069336280207,0.263735375956039
2022-10-25,1262032.279354618,-0.0013476686922146985,0.2620322793546188
2022-10-26,1265109.1844750668,0.0024380558015697495,0.2651091844750677
2022-10-27,1265250.352108441,0.00011158533595878595,0.26525035210844194
2022-10-28,1268557.8086543242,0.002614072812049839,0.2685578086543252
2022-10-31,1272303.1188542442,0.0029524158649838483,0.2723031188542453
2022-11-01,1275557.2859173717,0.0025576979376251696,0.27555728591737294
2022-11-02,1267280.9395554946,-0.006488416046265488,0.2672809395554958
2022-11-03,1276638.4018109997,0.0073838893677256046,0.27663840181100086
2022-11-04,1279611.1306930913,0.002328559816056508,0.2796111306930926
2022-11-07,1286376.5033246183,0.005287053597183622,0.2863765033246197
2022-11-08,1285576.7232716228,-0.0006217309247553704,0.2855767232716242
2022-11-09,1265472.343031801,-0.01563841338746297,0.26547234303180245
2022-11-10,1266933.267707143,0.0011544501018820874,0.26693326770714454
2022-11-11,1274274.9016823077,0.005794807163325588,0.2742749016823094
2022-11-14,1273827.2297271804,-0.0003513150533972498,0.273827229727182
2022-11-15,1278208.2932879957,0.003439291811773826,0.27820829328799723
2022-11-16,1272147.9457756293,-0.0047412832041460184,0.2721479457756306
2022-11-17,1273900.0512210943,0.0013772811969576804,0.27390005122109584
2022-11-18,1270225.8817228929,-0.002884189771936607,0.2702258817228944
2022-11-21,1265753.8881060581,-0.0035206286387182706,0.2657538881060597
2022-11-22,1279535.0217541282,0.010887688181381527,0.2795350217541297
2022-11-23,1273956.1745241794,-0.004360058251708265,0.273956174524181
2022-11-25,1273718.364817773,-0.000186670241223319,0.27371836481777456
2022-11-28,1262245.6167950653,-0.009007287905713035,0.26224561679506686
2022-11-29,1267205.3070260445,0.003929259222600567,0.26720530702604606
2022-11-30,1268120.2771868391,0.0007220378226966417,0.2681202771868407
2022-12-01,1263451.760737771,-0.003681446100226915,0.26345176073777266
2022-12-02,1260573.6230853903,-0.0022779956796292744,0.2605736230853921
2022-12-05,1250012.651767767,-0.008377909171043973,0.25001265176776877
2022-12-06,1241180.8613242393,-0.007065360843378499,0.241180861324241
2022-12-07,1240299.4461524691,-0.000710142412951642,0.24029944615247079
2022-12-08,1238895.1763221296,-0.001132202255427761,0.2388951763221312
2022-12-09,1230263.4924690851,-0.006967243087239283,0.23026349246908673
2022-12-12,1241263.5691758427,0.008941236388865681,0.24126356917584424
2022-12-13,1246801.9390559562,0.00446188063328945,0.2468019390559577
2022-12-14,1245101.0766848605,-0.001364180081708466,0.24510107668486203
2022-12-15,1247438.539374304,0.00187732765894566,0.2474385393743055
2022-12-16,1243079.8663004225,-0.003494098455598338,0.24307986630042389
2022-12-19,1243221.998481279,0.00011433873615818158,0.24322199848128045
2022-12-20,1244839.1349292842,0.0013007624140988217,0.24483913492928577
2022-12-21,1252529.9682124972,0.006178174406165304,0.25252996821249885
2022-12-22,1244408.1812497291,-0.006484305500776832,0.24440818124973074
2022-12-23,1258399.690712742,0.011243504883551525,0.2583996907127435
2022-12-27,1262847.935105294,0.003534842248755332,0.26284793510529547
2022-12-28,1253647.8487090848,-0.0072851894044092536,0.2536478487090863
2022-12-29,1257417.7704747654,0.00300716167587467,0.2574177704747669
2022-12-30,1260038.1294060352,0.002083920708612519,0.26003812940603654
2023-01-03,1242350.3900706184,-0.014037463567673658,0.24235039007061965
2023-01-04,1243992.2988559098,0.0013216148989965149,0.24399229885591112
2023-01-05,1250898.9644719423,0.005552016376937807,0.2508989644719437
2023-01-06,1256586.5638741013,0.004546809585504796,0.2565865638741027
2023-01-09,1254937.60142958,-0.0013122553526574432,0.25493760142958144
2023-01-10,1258166.2876304064,0.0025727862462232576,0.25816628763040783
2023-01-11,1258299.3997745768,0.00010579853035252995,0.25829939977457816
2023-01-12,1264384.773207255,0.0048361887749197585,0.2643847732072562
2023-01-13,1263868.3028796813,-0.0004084755989772759,0.26386830287968266
2023-01-17,1261999.4840900118,-0.0014786499395637032,0.26199948409001306
2023-01-18,1254610.3056845164,-0.005855135836940084,0.2546103056845177
2023-01-19,1260565.2113053303,0.004746418544334219,0.2605652113053316
2023-01-20,1266853.650184578,0.004988586725105604,0.2668536501845793
2023-01-23,1268713.5228096324,0.0014681037740889025,0.26871352280963356
2023-01-24,1266675.2384993483,-0.0016065756954889432,0.2666752384993494
2023-01-25,1266691.3063575756,1.268506538920633e-05,0.26669130635757665
2023-01-26,1280082.9898713906,0.010572176067366712,0.2800829898713917
2023-01-27,1272552.9204638908,-0.005882485328749243,0.2725529204638917
2023-01-30,1266137.7302323997,-0.005041197209427306,0.2661377302324006
2023-01-31,1269952.2298557388,0.0030127051206656486,0.26995222985573974
2023-02-01,1263894.0764257368,-0.004770378985586077,0.2638940764257378
2023-02-02,1251142.5660104316,-0.010089065731968772,0.2511425660104325
2023-02-03,1250990.6151299577,-0.00012144969294625163,0.25099061512995857
2023-02-06,1250716.6423259547,-0.0002190046837197146,0.2507166423259557
2023-02-07,1261774.2434151773,0.008841012196542541,0.2617742434151782
2023-02-08,1258998.2313831276,-0.0022000861457879273,0.2589982313831285
2023-02-09,1256763.4338319423,-0.0017750601196081517,0.2567634338319431
2023-02-10,1272451.2944729198,0.012482747523250515,0.2724512944729207
2023-02-13,1271608.9422230765,-0.000661991742632706,0.2716089422230774
2023-02-14,1273945.8134307247,0.0018377278816259501,0.27394581343072555
2023-02-15,1268033.2609783246,-0.004641133390499319,0.26803326097832536
2023-02-16,1264444.901667204,-0.0028298621349664987,0.2644449016672048
2023-02-17,1251330.0913144061,-0.010371990377362916,0.251330091314407
2023-02-21,1250181.7426344566,-0.0009177024415222279,0.25018174263445747
2023-02-22,1247360.6283074901,-0.0022565633705557975,0.24736062830749095
2023-02-23,1254513.7039027712,0.005734569003502221,0.25451370390277206
2023-02-24,1258544.629704342,0.0032131381180058316,0.2585446297043428
2023-02-27,1260398.1769918029,0.001472770407749735,0.2603981769918038
2023-02-28,1254897.760135699,-0.0043640311105747065,0.25489776013569987
2023-03-01,1263360.896565423,0.0067440844175297165,0.26336089656542394
2023-03-02,1267367.9689481333,0.0031717559041155585,0.2673679689481341
2023-03-03,1271359.895756976,0.0031497772601558616,0.27135989575697694
2023-03-06,1272619.2426153058,0.0009905510332146594,0.2726192426153067
2023-03-07,1266948.6941872714,-0.004455809120394227,0.2669486941872723
2023-03-08,1263175.4495921223,-0.0029782142027223735,0.26317544959212325
2023-03-09,1256184.7315488032,-0.005534241538320384,0.25618473154880395
2023-03-10,1247796.662761878,-0.006677416606220898,0.24779666276187884
2023-03-13,1230548.099986451,-0.013823215985566906,0.23054809998645176
2023-03-14,1236929.3612155004,0.005185706458056938,0.23692936121550123
2023-03-15,1213554.440244847,-0.018897539102542993,0.2135544402448477
2023-03-16,1218124.308692504,0.003765688869083572,0.21812430869250465
2023-03-17,1209775.408093895,-0.006853898685898807,0.2097754080938956
2023-03-20,1217471.849900622,0.006361876555957879,0.21747184990062252
2023-03-21,1232588.4143746595,0.012416356464645562,0.23258841437466016
2023-03-22,1226132.2066817821,-0.0052379266408673075,0.2261322066817828
2023-03-23,1218854.4468049435,-0.005935542543600625,0.21885444680494426
2023-03-24,1218797.070981798,-4.7073564276578495e-05,0.2187970709817988
2023-03-27,1226025.1108551377,0.00593047033458749,0.22602511085513854
2023-03-28,1231100.9720535316,0.0041400956256545385,0.23110097205353242
2023-03-29,1236702.524829331,0.00455003521478492,0.23670252482933196
2023-03-30,1237997.3526809334,0.001047000249135177,0.23799735268093447
2023-03-31,1238260.8690839536,0.0002128570004205077,0.23826086908395472
2023-04-03,1255306.3361398403,0.013765651068741835,0.25530633613984155
2023-04-04,1248601.1699152263,-0.005341458121874032,0.24860116991522752
2023-04-05,1254469.4671506223,0.00469989727447917,0.2544694671506236
2023-04-06,1249587.225786823,-0.00389187739649699,0.24958722578682435
2023-04-10,1252076.2786712197,0.0019919000715051816,0.2520762786712212
2023-04-11,1256415.0681391666,0.0034652756719832922,0.2564150681391679
2023-04-12,1257506.29023792,0.0008685203850424816,0.25750629023792126
2023-04-13,1259285.3481351447,0.0014147506943191779,0.25928534813514603
2023-04-14,1260289.3004841155,0.0007972397602000747,0.2602893004841167
2023-04-17,1255100.5809068566,-0.004117086112899404,0.25510058090685783
2023-04-18,1255994.2431765741,0.0007120244252232233,0.2559942431765754
2023-04-19,1256687.7833809732,0.0005521842223137341,0.2566877833809744
2023-04-20,1254114.6270427506,-0.0020475701063152885,0.2541146270427519
2023-04-21,1252686.0444540347,-0.0011391164395272435,0.252686044454036
2023-04-24,1260551.6494314387,0.006278991461768912,0.26055164943143994
2023-04-25,1253135.4584765667,-0.005883290032754229,0.25313545847656793
2023-04-26,1250308.516244376,-0.0022558951732379873,0.2503085162443772
2023-04-27,1252281.0591162608,0.0015776449142406168,0.25228105911626186
2023-04-28,1257040.9848981497,0.0038010043729703735,0.25704098489815075
2023-05-01,1252192.92794285,-0.003856721470137714,0.252192927942851
2023-05-02,1239503.9288697029,-0.010133421767517081,0.23950392886970384
2023-05-03,1233394.1770128764,-0.004929191198609573,0.23339417701287735
2023-05-04,1226982.7716410563,-0.0051981803476223165,0.2269827716410573
2023-05-05,1234365.930229951,0.00601732865329474,0.2343659302299521
2023-05-08,1232951.7851416206,-0.0011456449450666373,0.23295178514162163
2023-05-09,1234868.5522272694,0.0015546164162685283,0.23486855222727043
2023-05-10,1233186.4369264045,-0.001362181665271911,0.23318643692640562
2023-05-11,1231273.133267472,-0.001551512084175366,0.23127313326747312
2023-05-12,1232355.3450660165,0.0008789372311508448,0.23235534506601763
2023-05-15,1231977.1393669504,-0.0003068966273245266,0.2319771393669514
2023-05-16,1225394.659756199,-0.005343020905512752,0.2253946597562
2023-05-17,1232606.651563482,0.0058854441300713045,0.2326066515634828
2023-05-18,1236055.9218750854,0.002798354452516083,0.2360559218750864
2023-05-19,1238993.6656894458,0.0023767078514569384,0.2389936656894467
2023-05-22,1238416.2523478933,-0.00046603413523604864,0.2384162523478941
2023-05-23,1242487.7268171287,0.0032876461864226325,0.2424877268171295
2023-05-24,1247548.8374615319,0.004073368722416371,0.24754883746153267
2023-05-25,1244495.984668309,-0.002447080788784639,0.2444959846683099
2023-05-26,1241411.2064028424,-0.0024787370176119206,0.24141120640284308
2023-05-30,1240326.0496572568,-0.0008741315850773201,0.24032604965725746
2023-05-31,1234312.1839978045,-0.004848616749695833,0.2343121839978053
2023-06-01,1238805.6954932802,0.0036404983712643446,0.23880569549328112
2023-06-02,1246377.2851606298,0.0061120074721117135,0.2463772851606305
2023-06-05,1244043.5105377184,-0.0018724463697287197,0.24404351053771922
2023-06-06,1245821.0836644387,0.0014288673279216901,0.24582108366443967
2023-06-07,1256319.2583107823,0.00842671133439521,0.2563192583107834
2023-06-08,1254814.1824159669,-0.0011980043168637877,0.254814182415968
2023-06-09,1251712.036343525,-0.002472195577570835,0.2517120363435261
2023-06-12,1247822.8625935547,-0.003107083448147696,0.2478228625935559
2023-06-13,1250040.9813540764,0.0017775910564032937,0.2500409813540778
2023-06-14,1246192.0292625278,-0.0030790607259766345,0.24619202926252926
2023-06-15,1250916.3899095932,0.0037910374453775653,0.25091638990959453
2023-06-16,1250189.2664040143,-0.0005812726665379575,0.25018926640401573
2023-06-20,1243897.9037997504,-0.005032328122893004,0.24389790379975174
2023-06-21,1246851.0493821278,0.0023741060848776474,0.2468510493821292
2023-06-22,1245406.8940590313,-0.0011582420561078166,0.2454068940590326
2023-06-23,1242566.6603529628,-0.0022805668730575546,0.24256666035296415
2023-06-26,1246719.989265525,0.0033425401188396098,0.24671998926552652
2023-06-27,1250590.1581770284,0.0031042807886503265,0.2505901581770298
2023-06-28,1253860.411660049,0.0026149681905283106,0.25386041166005047
2023-06-29,1260748.4326323702,0.0054934511914301876,0.26074843263237146
2023-06-30,1263530.1660999006,0.002206414376992205,0.2635301660999019
2023-07-03,1266539.9902899421,0.002382075450823473,0.26653999028994346
2023-07-05,1263876.9978705312,-0.002102572709765993,0.26387699787053265
2023-07-06,1259303.0870744002,-0.003618952480215598,0.25930308707440175
2023-07-07,1266950.3747216568,0.0060726347181621065,0.2669503747216584
2023-07-10,1268745.2365541372,0.0014166788757410398,0.26874523655413873
2023-07-11,1275242.2688246847,0.005120832838114264,0.2752422688246863
2023-07-12,1274578.0316034507,-0.0005208713963396061,0.2745780316034523
2023-07-13,1270170.1911413642,-0.003458274309452336,0.27017019114136565
2023-07-14,1262492.763244219,-0.006044408812842961,0.26249276324422044
2023-07-17,1263501.8558523646,0.0007992858553522719,0.2635018558523661
2023-07-18,1266257.0420472666,0.002180595289306808,0.2662570420472681
2023-07-19,1265479.2742395038,-0.0006142258498363917,0.26547927423950535
2023-07-20,1270563.9417567935,0.0040179777107336445,0.2705639417567951
2023-07-21,1274882.1792624553,0.0033986778341048574,0.2748821792624567
2023-07-24,1278481.2613435043,0.002823070350807644,0.2784812613435057
2023-07-25,1279859.9606642502,0.0010783883678491257,0.27985996066425156
2023-07-26,1280009.9907799312,0.00011722385283707837,0.2800099907799325
2023-07-27,1276765.299326316,-0.0025348954125257173,0.27676529932631744
2023-07-28,1280184.8294435157,0.002678276202371821,0.2801848294435172
2023-07-31,1288854.7854738198,0.006772425223998901,0.28885478547382126
2023-08-01,1289812.1841665101,0.0007428289854534142,0.28981218416651156
2023-08-02,1284352.5471712488,-0.004232893022939943,0.28435254717125025
2023-08-03,1289165.8494799926,0.0037476488206800163,0.289165849479994
2023-08-04,1289611.5508684407,0.0003457285101275964,0.28961155086844204
2023-08-07,1291948.3123938432,0.0018119886750618264,0.29194831239384467
2023-08-08,1294230.7693092187,0.0017666781971690249,0.2942307693092201
2023-08-09,1300078.1898454346,0.004518066387292574,0.3000781898454359
2023-08-10,1301005.5058234783,0.0007132770823221612,0.3010055058234795
2023-08-11,1308748.0108634597,0.005951170079853574,0.30874801086346104
2023-08-14,1307978.5682967813,-0.0005879226255104397,0.3079785682967826
2023-08-15,1301241.389413298,-0.005150832778748171,0.3012413894132995
2023-08-16,1298894.2041598442,-0.0018038046380558503,0.29889420415984547
2023-08-17,1304703.588554867,0.004472561642370643,0.30470358855486834
2023-08-18,1308032.334550022,0.002551342714433691,0.3080323345500233
2023-08-21,1307184.0014257384,-0.0006485566922742603,0.30718400142573987
2023-08-22,1302687.0573632899,-0.003440176790370564,0.3026870573632914
2023-08-23,1297618.4457372432,-0.003890889678681453,0.2976184457372446
2023-08-24,1296578.8599222624,-0.0008011490730545079,0.29657885992226385
2023-08-25,1301714.6486225934,0.003961030724069392,0.3017146486225948
2023-08-28,1305426.0225873769,0.0028511425055488537,0.30542602258737817
2023-08-29,1305534.6967838677,8.324806968018628e-05,0.3055346967838688
2023-08-30,1308770.8013976063,0.00247875803049169,0.3087708013976074
2023-08-31,1307439.9423390455,-0.0010168771011238587,0.3074399423390466
2023-09-01,1315914.8420960954,0.00648205663801904,0.31591484209609666
2023-09-05,1321287.6437112205,0.0040829402049806784,0.32128764371122154
2023-09-06,1321780.0705114715,0.000372687054627896,0.3217800705114726
2023-09-07,1320012.3315480002,-0.0013373926592699092,0.32001233154800124
2023-09-08,1325781.0987096948,0.004370237325684201,0.32578109870969585
2023-09-11,1319508.8889257202,-0.004730954295606549,0.31950888892572116
2023-09-12,1330343.6387889248,0.008211198843856016,0.3303436387889258
2023-09-13,1326644.3362777734,-0.0027807119929698088,0.32664433627777445
2023-09-14,1330542.7377520949,0.0029385430350228336,0.33054273775209597
2023-09-15,1327102.3078916506,-0.0025857341991559757,0.32710230789165173
2023-09-18,1331206.787578008,0.003092813313600562,0.33120678757800914
2023-09-19,1329377.781227965,-0.0013739460819386373,0.3293777812279661
2023-09-20,1324157.6139433268,-0.003926774885477768,0.324157613943328
2023-09-21,1319963.8169667055,-0.0031671433464269816,0.3199638169667067
2023-09-22,1320841.6311634777,0.0006650289844984947,0.32084163116347875
2023-09-25,1326949.3512050211,0.004624112306456762,0.3269493512050221
2023-09-26,1325222.620849439,-0.0013012782695994707,0.32522262084944
2023-09-27,1337554.21600887,0.009305300834305585,0.3375542160088709
2023-09-28,1337939.082221884,0.00028773877604937326,0.33793908222188507
2023-09-29,1327965.7116467052,-0.00745427853009295,0.3279657116467063
2023-10-02,1321251.2871565963,-0.005056173085811744,0.32125128715659734
2023-10-03,1320562.4819292868,-0.0005213279517719549,0.32056248192928805
2023-10-04,1305861.5765761968,-0.011132305782012408,0.30586157657619806
2023-10-05,1303641.3769962199,-0.0017001798810851732,0.30364137699622096
2023-10-06,1306497.4148571556,0.002190815596476714,0.30649741485715665
2023-10-09,1320475.0672685634,0.010698568747597559,0.32047506726856434
2023-10-10,1318916.5254842392,-0.001180288687728237,0.3189165254842401
2023-10-11,1315413.9411983467,-0.0026556527408787556,0.31541394119834765
2023-10-12,1315745.580812034,0.0002521180620795871,0.3157455808120351
2023-10-13,1325311.4045127374,0.007270268538390079,0.32531140451273854
2023-10-16,1327210.8645320479,0.0014332178934268747,0.32721086453204884
2023-10-17,1331781.3166954503,0.0034436518608622624,0.3317813166954513
2023-10-18,1335543.2874417189,0.0028247661227167598,0.3355432874417197
2023-10-19,1335416.713069807,-9.47736947967126e-05,0.3354167130698078
2023-10-20,1329069.5316805511,-0.004752959377500421,0.32906953168055186
2023-10-23,1323348.856630371,-0.004304270705044799,0.3233488566303717
2023-10-24,1317713.5440473873,-0.004258372654156184,0.31771354404738816
2023-10-25,1317952.9573522445,0.0001816884298857513,0.31795295735224527
2023-10-26,1315955.2709182915,-0.0015157494224727897,0.31595527091829223
2023-10-27,1307114.4998779807,-0.006718139465440642,0.30711449987798134
2023-10-30,1308326.8540974278,0.0009275042236622788,0.30832685409742844
2023-10-31,1310462.6007646704,0.0016324259190689805,0.31046260076467114
2023-11-01,1308703.3230588813,-0.0013424860081947543,0.30870332305888204
2023-11-02,1318150.7139304713,0.0072188942330400074,0.318150713930472
2023-11-03,1310827.302342242,-0.005555822646707953,0.31082730234224276
2023-11-06,1306059.1052092847,-0.003637547924457585,0.30605910520928536
2023-11-07,1297915.3388388958,-0.006235373527818999,0.2979153388388964
2023-11-08,1293814.0613168385,-0.0031598960265977194,0.2938140613168392
2023-11-09,1294352.3203676462,0.0004160250432430068,0.294352320367647
2023-11-10,1301339.5945056824,0.005398278372963805,0.30133959450568315
2023-11-13,1303182.9116848542,0.0014164766729256595,0.303182911684855
2023-11-14,1301532.0110570134,-0.0012668218812863508,0.3015320110570141
2023-11-15,1299069.3942915625,-0.0018920908164609118,0.2990693942915632
2023-11-16,1295479.979964378,-0.002763065886208449,0.2954799799643788
2023-11-17,1303543.907106822,0.006224663651433371,0.30354390710682266
2023-11-20,1303906.3281094774,0.0002780274608931155,0.30390632810947826
2023-11-21,1302886.6668759377,-0.0007820049734846846,0.30288666687593846
2023-11-22,1304840.8294560837,0.0014998715005900554,0.3048408294560845
2023-11-24,1307254.6200491176,0.0018498735926588683,0.3072546200491184
2023-11-27,1306355.5137094974,-0.0006877821090327529,0.3063555137094982
2023-11-28,1305641.3000752127,-0.0005467222565292973,0.3056413000752134
2023-11-29,1299549.0079189723,-0.004666130089397091,0.2995490079189729
2023-11-30,1302638.9482349306,0.0023777020313426878,0.3026389482349312
2023-12-01,1301732.9730043884,-0.0006954922020179222,0.30173297300438895
2023-12-04,1298718.549399312,-0.002315700429804113,0.2987185493993125
2023-12-05,1293399.6625768081,-0.004095488452801277,0.2933996625768087
2023-12-06,1287650.9959841815,-0.004444617359164682,0.2876509959841822
2023-12-07,1283312.833271139,-0.003369051650308985,0.28331283327113965
2023-12-08,1289063.0348480812,0.004480748129265466,0.2890630348480816
2023-12-11,1292472.06844286,0.002644582539891527,0.29247206844286033
2023-12-12,1288773.1211174722,-0.002861916644623652,0.28877312111747244
2023-12-13,1294907.8829787322,0.004760156586708364,0.2949078829787324
2023-12-14,1304866.307091316,0.007690449833138713,0.30486630709131624
2023-12-15,1299127.043268773,-0.004398353909019548,0.29912704326877315
2023-12-18,1303745.3374056339,0.0035549210993566227,0.30374533740563403
2023-12-19,1308419.9739476563,0.003585544207064695,0.3084199739476563
2023-12-20,1303884.5535929955,-0.0034663337804121674,0.3038845535929955
2023-12-21,1306878.276180612,0.0022960028012961597,0.3068782761806117
2023-12-22,1307806.4883522184,0.000710251435442899,0.307806488352218
2023-12-26,1312923.2262032218,0.003912457918334944,0.31292322620322155
2023-12-27,1311732.8596351075,-0.0009066535988982993,0.3117328596351072
2023-12-28,1306469.6217751666,-0.00401243120600403,0.30646962177516635
2023-12-29,1304784.7769722901,-0.001289616516752412,0.3047847769722898
2024-01-02,1306605.6790842141,0.0013955574467610088,0.30660567908421377
2024-01-03,1311019.7203253855,0.003378250463647925,0.31101972032538505
2024-01-04,1304189.3977902613,-0.00520993119266655,0.3041893977902608
2024-01-05,1304307.619468397,9.064763011878973e-05,0.30430761946839646
2024-01-08,1302310.96219047,-0.00153081776731534,0.3023109621904694
2024-01-09,1293704.1575599615,-0.006608870600330219,0.29370415755996104
2024-01-10,1290396.5917738632,-0.0025566631805038487,0.2903965917738627
2024-01-11,1291959.5775811865,0.0012112445253553705,0.29195957758118607
2024-01-12,1297911.2300682876,0.004606686300699714,0.2979112300682871
2024-01-16,1284891.675876123,-0.010031159212236518,0.2848916758761224
2024-01-17,1280053.6112004,-0.0037653482908776015,0.2800536112003993
2024-01-18,1280178.8408051545,9.783153116305066e-05,0.28017884080515376
2024-01-19,1282964.2200979176,0.0021757735747383045,0.2829642200979168
2024-01-22,1286559.7081458925,0.002802485051142334,0.2865597081458917
2024-01-23,1284038.16100325,-0.001959914589798939,0.2840381610032492
2024-01-24,1288025.2999375167,0.0031051561046686604,0.2880252999375159
2024-01-25,1298448.0336401232,0.008092025601602826,0.2984480336401225
2024-01-26,1303038.592896573,0.0035354200842219186,0.3030385928965722
2024-01-29,1305733.1240483487,0.0020678828443492225,0.30573312404834807
2024-01-30,1308480.1288994364,0.002103802684097378,0.3084801288994359
2024-01-31,1300565.425958858,-0.006048775801613004,0.3005654259588575
2024-02-01,1303523.8101518624,0.002274690787526623,0.3035238101518618
2024-02-02,1306416.4567266041,0.0022190976123441786,0.30641645672660367
2024-02-05,1304769.590546946,-0.001260598158556947,0.30476959054694563
2024-02-06,1309159.3676364883,0.0033644078781005504,0.3091593676364879
2024-02-07,1312458.9094980343,0.0025203515653735575,0.3124589094980339
2024-02-08,1320035.5087541558,0.005772827782486001,0.3200355087541553
2024-02-09,1317310.568009792,-0.0020642935180855693,0.3173105680097914
2024-02-12,1321942.763352179,0.003516403386473632,0.32194276335217853
2024-02-13,1317997.568074128,-0.0029843919021477205,0.3179975680741276
2024-02-14,1318560.6700744082,0.0004272405457492745,0.3185606700744079
2024-02-15,1332018.2561286276,0.01020626988173401,0.33201825612862734
2024-02-16,1329271.6640241381,-0.0020619778233912367,0.32927166402413777
2024-02-20,1324928.2444010328,-0.0032675184017361136,0.3249282444010324
2024-02-21,1332396.2984895154,0.005636572486126479,0.332396298489515
2024-02-22,1339376.0777201427,0.005238515926935472,0.3393760777201422
2024-02-23,1339932.0972766844,0.00041513325927700073,0.3399320972766837
2024-02-26,1342047.0665624277,0.0015784152719693356,0.3420470665624271
2024-02-27,1339244.8448877174,-0.0020880204163689076,0.3392448448877168
2024-02-28,1336756.9858324032,-0.0018576581159234218,0.33675698583240243
2024-02-29,1339364.8836495902,0.0019509139243907292,0.3393648836495895
2024-03-01,1347751.9941186954,0.006262005650208957,0.3477519941186946
2024-03-04,1342804.1139816437,-0.0036712096577435904,0.3428041139816429
2024-03-05,1345187.6799307656,0.001775066016184823,0.34518767993076493
2024-03-06,1347207.3690029667,0.0015014180566275126,0.3472073690029658
2024-03-07,1349226.181818777,0.0014985167556680334,0.34922618181877607
2024-03-08,1347848.8923587627,-0.0010207995357440769,0.3478488923587617
2024-03-11,1351380.7994060083,0.0026204028265102153,0.3513807994060072
2024-03-12,1354312.9863236083,0.002169771036327317,0.3543129863236072
2024-03-13,1361438.921610504,0.0052616606049384895,0.36143892161050273
2024-03-14,1367122.554854773,0.004174725104484134,0.36712255485477185
2024-03-15,1369304.8366061796,0.0015962590505562702,0.3693048366061784
2024-03-18,1373417.9888874758,0.003003825131802307,0.37341798888747446
2024-03-19,1380025.753113045,0.004811182232236311,0.38002575311304354
2024-03-20,1380011.1179239477,-1.0605011583342261e-05,0.3800111179239465
2024-03-21,1383982.3647750618,0.0028776919254740463,0.38398236477506065
2024-03-22,1384944.5546478424,0.0006952327553226834,0.38494455464784116
2024-03-25,1389867.6118265765,0.003554696223911913,0.38986761182657514
2024-03-26,1388571.6062191029,-0.0009324669460931689,0.38857160621910136
2024-03-27,1393154.3945873599,0.0033003615713671497,0.39315439458735835
2024-03-28,1398307.7931392563,0.003699086455828837,0.3983077931392549
2024-04-01,1401899.1574256858,0.002568364636205578,0.4018991574256845
2024-04-02,1408614.8437822699,0.004790420424330755,0.40861484378226853
2024-04-03,1410894.0388627164,0.0016180399422220937,0.41089403886271514
2024-04-04,1409262.4335748805,-0.001156433610812524,0.40926243357487935
2024-04-05,1415988.973358682,0.004773092380486066,0.4159889733586808
2024-04-08,1412895.7419050774,-0.002184502500939267,0.4128957419050763
2024-04-09,1409713.2928938996,-0.0022524301806492453,0.40971329289389846
2024-04-10,1415618.631955555,0.004189035523338713,0.4156186319555537
2024-04-11,1415625.3983773598,4.779833814083645e-06,0.41562539837735857
2024-04-12,1409015.3247660762,-0.00466936635840276,0.40901532476607483
2024-04-15,1406508.0334020793,-0.0017794635160643946,0.4065080334020781
2024-04-16,1401696.2715745477,-0.003421069566089008,0.40169627157454646
2024-04-17,1399028.6037790484,-0.0019031710717919426,0.39902860377904714
2024-04-18,1399411.9581684088,0.00027401469013921265,0.39941195816840747
2024-04-19,1403858.1104904355,0.0031771575882815206,0.4038581104904342
2024-04-22,1405958.9547668712,0.0014964790677469697,0.40595895476686983
2024-04-23,1408090.3052977177,0.0015159407916001122,0.4080903052977163
2024-04-24,1409425.863912488,0.0009484893190057075,0.4094258639124866
2024-04-25,1411604.1351848359,0.0015455025539981015,0.4116041351848343
2024-04-26,1411128.1624309258,-0.0003371857180397564,0.4111281624309242
2024-04-29,1410415.0746214283,-0.0005053317115215616,0.4104150746214268
2024-04-30,1400403.3105037762,-0.007098452290960733,0.40040331050377476
2024-05-01,1391855.9493387595,-0.006103499685345515,0.3918559493387581
2024-05-02,1388151.1818094952,-0.002661746376142138,0.3881511818094938
2024-05-03,1385452.98028717,-0.0019437375104979226,0.3854529802871687
2024-05-06,1389158.8184882645,0.0026748206209974423,0.38915881848826306
2024-05-07,1390745.8153185127,0.001142415690075893,0.39074581531851127
2024-05-08,1392689.7539283894,0.0013977670027585098,0.392689753928388
2024-05-09,1398648.6774528215,0.004278715706512282,0.3986486774528202
2024-05-10,1396363.945338798,-0.0016335282411193974,0.3963639453387966
2024-05-13,1393636.6127715565,-0.0019531674219644968,0.39363661277155515
2024-05-14,1395657.4434232372,0.0014500413042837224,0.39565744342323605
2024-05-15,1395415.4475928382,-0.0001733919963952113,0.3954154475928371
2024-05-16,1393650.7558954924,-0.001264635345975318,0.39365075589549114
2024-05-17,1401115.6220412126,0.0053563391790532044,0.4011156220412113
2024-05-20,1400314.470878647,-0.0005717951823266398,0.40031447087864547
2024-05-21,1400113.6359029668,-0.00014342133846123595,0.40011363590296534
2024-05-22,1390852.0206086182,-0.006614902574229697,0.3908520206086168
2024-05-23,1388081.5137519578,-0.0019919494062696774,0.38808151375195643
2024-05-24,1389882.3149537756,0.0012973310169301921,0.38988231495377423
2024-05-28,1396990.4143155299,0.0051141735420892065,0.3969904143155285
2024-05-29,1390221.0221007299,-0.004845696967875623,0.3902210221007285
2024-05-30,1389836.862833392,-0.0002763296348067268,0.3898368628333908
2024-05-31,1400370.7197181445,0.007579203837835724,0.4003707197181432
2024-06-03,1387751.6239427053,-0.009011253661444063,0.3877516239427041
2024-06-04,1376854.6591614503,-0.007852244301682632,0.3768546591614492
2024-06-05,1380095.22718507,0.0023536021046646205,0.38009522718506883
2024-06-06,1381124.771867535,0.0007459953937851704,0.3811247718675337
2024-06-07,1381883.6172133118,0.0005494401094194856,0.38188361721331066
2024-06-10,1387865.0104923665,0.004328434901859968,0.3878650104923653
2024-06-11,1386238.7107762804,-0.0011717996374223105,0.38623871077627925
2024-06-12,1382788.0362010228,-0.0024892354746933743,0.38278803620102164
2024-06-13,1376983.2316694667,-0.00419789901242118,0.37698323166946546
2024-06-14,1372398.0790900865,-0.0033298536060030193,0.37239807909008515
2024-06-17,1375087.4673927082,0.0019596269796622323,0.3750874673927067
2024-06-18,1377771.3262372408,0.001951773184015293,0.3777713262372393
2024-06-20,1385981.283400218,0.005958867779168431,0.38598128340021653
2024-06-21,1382477.227916721,-0.002528212700607657,0.3824772279167197
2024-06-24,1392236.9836427122,0.0070596140962830845,0.39223698364271087
2024-06-25,1395078.6051955777,0.0020410473118093186,0.39507860519557636
2024-06-26,1390386.1649875073,-0.003363566891926184,0.390386164987506
2024-06-27,1389982.5728184565,-0.0002902734356928782,0.38998257281845516
2024-06-28,1391082.584061201,0.0007913849168008635,0.3910825840611998
2024-07-01,1389816.4743952276,-0.0009101613955060373,0.3898164743952266
2024-07-02,1390104.3278172452,0.00020711613894408565,0.39010432781724425
2024-07-03,1391957.3348017375,0.0013329985004808531,0.39195733480173667
2024-07-05,1384851.715805695,-0.00510476781032565,0.3848517158056941
2024-07-08,1384148.6791675393,-0.0005076620335099369,0.38414867916753836
2024-07-09,1382666.425548974,-0.0010708774576564384,0.3826664255489729
2024-07-10,1386637.6759703073,0.0028721681151377965,0.3866376759703063
2024-07-11,1388519.6996817985,0.001357257013930635,0.38851969968179745
2024-07-12,1387993.9573846816,-0.00037863510127900124,0.38799395738468045
2024-07-15,1393942.4984951708,0.004285711100427081,0.3939424984951696
2024-07-16,1393959.7217465485,1.2355783252315788e-05,0.39395972174654714
2024-07-17,1390675.9208548772,-0.0023557358512174,0.3906759208548758
2024-07-18,1390923.2767491143,0.00017786738846026218,0.39092327674911287
2024-07-19,1383467.3796731154,-0.00536039420766965,0.38346737967311406
2024-07-22,1381030.2300814732,-0.0017616241824350842,0.38103023008147185
2024-07-23,1374873.061776731,-0.004458387782271145,0.3748730617767295
2024-07-24,1370626.189572344,-0.003088919495519593,0.3706261895723426
2024-07-25,1371925.9166626341,0.0009482724758786976,0.3719259166626325
2024-07-26,1378543.5351525696,0.004823597549664882,0.3785435351525681
2024-07-29,1374569.1604178438,-0.0028830244626883994,0.3745691604178423
2024-07-30,1380972.1683705505,0.0046581926447122335,0.3809721683705489
2024-07-31,1387947.5111221417,0.00505103789298067,0.3879475111221402
2024-08-01,1375809.7839628991,-0.008745090907241404,0.37580978396289755
2024-08-02,1358350.5461714647,-0.012690153824276962,0.3583505461714631
2024-08-05,1339061.2778051035,-0.014200508418631963,0.33906127780510187
2024-08-06,1341930.4132637288,0.0021426468722389735,0.3419304132637273
2024-08-07,1344629.587184153,0.0020114112428970543,0.3446295871841514
2024-08-08,1354332.2878554068,0.007215891100219363,0.35433228785540516
2024-08-09,1359337.186345966,0.0036954730648004475,0.35933718634596445
2024-08-12,1363300.7775107736,0.0029158263340547386,0.36330077751077194
2024-08-13,1362965.3426486088,-0.0002460461166736705,0.36296534264860725
2024-08-14,1366667.9982338154,0.0027166175612443055,0.3666679982338139
2024-08-15,1370323.2163946175,0.0026745472678995075,0.37032321639461574
2024-08-16,1372876.323053226,0.0018631419420347406,0.3728763230532246
2024-08-19,1374317.9247963643,0.0010500594401192664,0.37431792479636283
2024-08-20,1365739.9714419518,-0.006241607709281283,0.3657399714419505
2024-08-21,1366531.929257899,0.0005798745240728209,0.3665319292578977
2024-08-22,1366143.9153112727,-0.0002839406371112352,0.36614391531127133
2024-08-23,1375565.0800686937,0.00689617298136147,0.37556508006869227
2024-08-26,1378899.0504409207,0.0024237096597861107,0.3788990504409193
2024-08-27,1374193.0043078791,-0.0034129011340872095,0.37419300430787783
2024-08-28,1372063.2782971095,-0.0015498012317726184,0.37206327829710806
2024-08-29,1376324.486800488,0.003105693863235892,0.3763244868004867
2024-08-30,1377269.621196071,0.0006867089880671085,0.3772696211960693
2024-09-03,1365572.9860728283,-0.0084926255129949,0.36557298607282673
2024-09-04,1361259.2190443187,-0.0031589428558596033,0.3612592190443171
2024-09-05,1359321.1572526621,-0.0014237272112046506,0.35932115725266045
2024-09-06,1353517.7101125598,-0.0042693715970931745,0.35351771011255817
2024-09-09,1357502.154740031,0.0029437698507395194,0.35750215474002944
2024-09-10,1352448.703478209,-0.003722610121963177,0.35244870347820734
2024-09-11,1350509.0552626695,-0.0014341750711514,0.35050905526266796
2024-09-12,1354553.806813561,0.002994982917833733,0.3545538068135594
2024-09-13,1360722.7631592953,0.004554234992145689,0.36072276315929397
2024-09-16,1368042.096235426,0.005379003919311787,0.3680420962354245
2024-09-17,1371829.735577006,0.0027686570113616416,0.3718297355770046
2024-09-18,1369776.3436819948,-0.001496827078287133,0.3697763436819934
2024-09-19,1377436.058674524,0.005591945741988624,0.3774360586745227
2024-09-20,1377655.6901527427,0.00015944949083879223,0.37765569015274125
2024-09-23,1383821.4644432252,0.0044755553470685605,0.38382146444322385
2024-09-24,1385913.3240288035,0.0015116542410475997,0.3859133240288022
2024-09-25,1375658.9084817911,-0.007399030927275563,0.37565890848178984
2024-09-26,1370089.8699709412,-0.004048269870178811,0.37008986997093984
2024-09-27,1378739.2104571885,0.00631297309455392,0.37873921045718717
2024-09-30,1379233.1186111693,0.000358231745521298,0.37923311861116793
2024-10-01,1387916.1824045596,0.006295573733129167,0.3879161824045583
2024-10-02,1391313.2792765228,0.002447623937980037,0.3913132792765215
2024-10-03,1394774.3481723568,0.0024876272996070536,0.39477434817235557
2024-10-04,1395191.4942341263,0.0002990778130642635,0.39519149423412503
2024-10-07,1394242.4413552938,-0.000680231267718101,0.39424244135529274
2024-10-08,1384193.6518517707,-0.007207347305935641,0.38419365185176946
2024-10-09,1385049.3985330833,0.0006182275725421515,0.38504939853308207
2024-10-10,1389009.1355648371,0.002858913939060681,0.38900913556483596
2024-10-11,1394504.2985888678,0.003956174861150963,0.3945042985888665
2024-10-14,1393471.065685354,-0.0007409320319481383,0.3934710656853526
2024-10-15,1381673.3905806679,-0.008466394025112844,0.3816733905806666
2024-10-16,1385767.455418543,0.0029631205650957337,0.38576745541854174
2024-10-17,1387781.1036683528,0.001453092466514594,0.3877811036683516
2024-10-18,1387490.594346982,-0.0002093336770495613,0.38749059434698085
2024-10-21,1383015.698110258,-0.0032251723038382307,0.3830156981102568
2024-10-22,1383149.39890377,9.667337376906282e-05,0.38314939890376865
2024-10-23,1378759.696351897,-0.0031737009431895835,0.37875969635189555
2024-10-24,1379275.3284585082,0.0003739825786723827,0.37927532845850687
2024-10-25,1378198.6442410052,-0.0007806158750816028,0.3781986442410037
2024-10-28,1377162.0308443638,-0.0007521509333744403,0.3771620308443624
2024-10-29,1372381.5766411186,-0.0034712358431159274,0.37238157664111715
2024-10-30,1370568.3839028627,-0.0013212016024680695,0.3705683839028613
2024-10-31,1369154.7975206762,-0.0010313869769570383,0.3691547975206748
2024-11-01,1367725.4162930408,-0.001043988035701826,0.36772541629303945
2024-11-04,1375185.511129933,0.005454380497740052,0.3751855111299316
2024-11-05,1379880.7331414495,0.0034142462769686244,0.3798807331414482
2024-11-06,1398363.6499184503,0.01339457558402346,0.3983636499184491
2024-11-07,1401276.1181726898,0.0020827688523006316,0.4012761181726887
2024-11-08,1404366.4936864618,0.002205400829782267,0.4043664936864608
2024-11-11,1407652.2942858192,0.00233970307190412,0.4076522942858183
2024-11-12,1403047.7471158965,-0.0032710827727941982,0.40304774711589575
2024-11-13,1406104.8669453638,0.002178913608429589,0.4061048669453631
2024-11-14,1409900.460350232,0.002699367233621519,0.4099004603502312
2024-11-15,1406689.6508441651,-0.002277330631744956,0.4066896508441642
2024-11-18,1412468.4011600064,0.0041080492149589976,0.4124684011600055
2024-11-19,1411325.5550709586,-0.0008091126768635659,0.4113255550709578
2024-11-20,1416589.5503813957,0.003729823563049184,0.416589550381395
2024-11-21,1423101.2235704374,0.004596725415127123,0.42310122357043656
2024-11-22,1429066.8308935019,0.0041919768068903185,0.42906683089350106
2024-11-25,1415261.1189372034,-0.00966064823411139,0.41526111893720263
2024-11-26,1415607.8389673552,0.0002449866144929036,0.41560783896735454
2024-11-27,1412826.688645031,-0.0019646333156454476,0.41282668864503047
2024-11-29,1417039.5334128253,0.0029818553129361547,0.41703953341282474
2024-12-02,1416618.8985279906,-0.00029684061377011073,0.41661889852798994
2024-12-03,1419998.3728304044,0.002385591711310253,0.41999837283040375
2024-12-04,1411259.626301315,-0.006154053903365431,0.4112596263013142
2024-12-05,1413097.243810078,0.0013021115849385367,0.41309724381007706
2024-12-06,1407053.632782714,-0.004276854302729172,0.4070536327827132
2024-12-09,1404259.5630804528,-0.001985759204313542,0.4042595630804522
2024-12-10,1401892.8120483635,-0.001685408520129661,0.4018928120483629
2024-12-11,1405380.384502288,0.0024877597088386327,0.4053803845022874
2024-12-12,1403302.8652783015,-0.00147826115043026,0.40330286527830084
2024-12-13,1399689.0829899637,-0.0025751976838023216,0.3996890829899631
2024-12-16,1392516.9639672386,-0.005124080133142361,0.3925169639672379
2024-12-17,1387684.9554683708,-0.003469981783993159,0.3876849554683701
2024-12-18,1378260.8612642307,-0.006791234686953307,0.37826086126423
2024-12-19,1370680.7082268265,-0.005499795612313285,0.37068070822682575
2024-12-20,1373895.6352994135,0.0023454966961240498,0.3738956352994127
2024-12-23,1377571.18150619,0.0026752732247929956,0.3775711815061893
2024-12-24,1382375.4340674996,0.003487480448056912,0.38237543406749874
2024-12-26,1382217.125357663,-0.00011451933095396605,0.38221712535766206
2024-12-27,1380740.1602785776,-0.0010685478077138155,0.3807401602785767
2024-12-30,1381882.194550627,0.0008271174438925222,0.3818821945506261
